filename,image
imgflip_0,https://i.imgflip.com/4/30b1gx.jpg
imgflip_1,https://i.imgflip.com/4/1ur9b0.jpg
imgflip_2,https://i.imgflip.com/4/1g8my4.jpg
imgflip_3,https://i.imgflip.com/4/9ehk.jpg
imgflip_4,https://i.imgflip.com/4/24y43o.jpg
imgflip_5,https://i.imgflip.com/4/22bdq6.jpg
imgflip_6,https://i.imgflip.com/4/3lmzyx.jpg
imgflip_7,https://i.imgflip.com/4/261o3j.jpg
imgflip_8,https://i.imgflip.com/4/1bij.jpg
imgflip_9,https://i.imgflip.com/4/1jwhww.jpg
imgflip_10,https://i.imgflip.com/4/1otk96.jpg
imgflip_11,https://i.imgflip.com/4/2fm6x.jpg
imgflip_12,https://i.imgflip.com/4/m78d.jpg
imgflip_13,https://i.imgflip.com/4/26am.jpg
imgflip_14,https://i.imgflip.com/4/345v97.jpg
