url,real_caption,random_caption,description,caption1,caption2,caption3,response_text
https://i.imgflip.com/4/6a9d61.jpg,"MAYBE I'M OUT OF TOUCH WITH TODAY'S MUSIC AND COULTURE; NO, THE MUSIC IS JUST SHIT","image tagged in let me in,mario,super mario galaxy,memes","The image captures a moment of confrontation between two individuals on a stage, where one is swinging their arm towards the other's face.","MAYBE I'M OUT OF TOUCH WITH TODAY'S MUSIC AND COULTURE; NO, THE MUSIC IS JUST SHIT","The image captures a moment of confrontation between two individuals on a stage, where one is swinging their arm towards the other's face.","image tagged in let me in,mario,super mario galaxy,memes","{""selected caption number"":""1""}"
https://i.imgflip.com/4/1c81c1.jpg,getting a girlfreind; beating depression; future you,WHEN YOU REALIZE UPVOTING GIVES YOU POINTS; YOU GET AN UPVOTE! YOU GET AN UPVOTE! AND YOU GET AN UPVOTE! EVERYONE GETS AN UPVOTE!! :DD,"The image is a meme format featuring a person looking puzzled with mathematical formulas and geometric shapes superimposed, suggesting deep confusion or contemplation.","The image is a meme format featuring a person looking puzzled with mathematical formulas and geometric shapes superimposed, suggesting deep confusion or contemplation.",getting a girlfreind; beating depression; future you,WHEN YOU REALIZE UPVOTING GIVES YOU POINTS; YOU GET AN UPVOTE! YOU GET AN UPVOTE! AND YOU GET AN UPVOTE! EVERYONE GETS AN UPVOTE!! :DD,"{""selected caption number"":""1""}"
https://i.imgflip.com/4/1866qe.jpg,A MUSIC VIDEO ON MTV NOW THAT'S SOMETHING I HAVEN'T SEEN IN A VERY LONG TIME,POPCORN KERNEL; MY TOOTH; MY OTHER TOOTH,"The image shows a close-up of an animated character's clenched fist, likely from a cartoon, with a blurry background suggesting an indoor setting.","The image shows a close-up of an animated character's clenched fist, likely from a cartoon, with a blurry background suggesting an indoor setting.",POPCORN KERNEL; MY TOOTH; MY OTHER TOOTH,A MUSIC VIDEO ON MTV NOW THAT'S SOMETHING I HAVEN'T SEEN IN A VERY LONG TIME,"{""selected caption number"":""2""}"
https://i.imgflip.com/4/7n5z.jpg,WHEN YOU'RE TRYING TO GET OUT OF SOMEONE'S WAY WHILE THEY ARE ALSO TRYING TO GET OUT OF YOUR WAY; AND YOU GET STUCK IN THE &quot;EXCUSE ME&quot; DANCE.,THOSE 3 VITAMIN GUMMY’S I ATE 5 YEARS AGO; COVID ENTERING MY SYSTEM,"The image is a cartoon of a man in a suit behind a news desk with a graphic in the corner that reads ""WHAT REALLY GRINDS MY GEARS.""",THOSE 3 VITAMIN GUMMY’S I ATE 5 YEARS AGO; COVID ENTERING MY SYSTEM,"The image is a cartoon of a man in a suit behind a news desk with a graphic in the corner that reads ""WHAT REALLY GRINDS MY GEARS.""",WHEN YOU'RE TRYING TO GET OUT OF SOMEONE'S WAY WHILE THEY ARE ALSO TRYING TO GET OUT OF YOUR WAY; AND YOU GET STUCK IN THE &quot;EXCUSE ME&quot; DANCE.,"{""selected caption number"":""2""}"
https://i.imgflip.com/4/39binw.jpg,SAY THE LINE BERNIE; I AM ONCE AGAIN ASKING FOR YOUR FINANCIAL SUPPORT; [CHEERING NOISES],1988: DON'T GET INTO CARS WITH STRANGERS; 2000: DON'T MEET PEOPLE FROM THE INTERNET; 2018: UBER,"The picture is a side-by-side comparison of two images: on the left, a woman is pointing and shouting, and on the right, a cat sits at a table with a plate of vegetables in front of it, mimicking a human-like expression of disapproval or confusion.",1988: DON'T GET INTO CARS WITH STRANGERS; 2000: DON'T MEET PEOPLE FROM THE INTERNET; 2018: UBER,"The picture is a side-by-side comparison of two images: on the left, a woman is pointing and shouting, and on the right, a cat sits at a table with a plate of vegetables in front of it, mimicking a human-like expression of disapproval or confusion.",SAY THE LINE BERNIE; I AM ONCE AGAIN ASKING FOR YOUR FINANCIAL SUPPORT; [CHEERING NOISES],"{""selected caption number"":""2""}"
https://i.imgflip.com/4/2d3al6.jpg,is the funny; me making a meme; everyone,ME WHEN I FIRST ENTERED IMGFLIP; LOOK AT ALL THESE MEMES,"Two men appear to be having a conversation near a car, with one man gesturing towards the car as if explaining something about it.",ME WHEN I FIRST ENTERED IMGFLIP; LOOK AT ALL THESE MEMES,"Two men appear to be having a conversation near a car, with one man gesturing towards the car as if explaining something about it.",is the funny; me making a meme; everyone,"{""selected caption number"":""1""}"
https://i.imgflip.com/4/33e92f.jpg,LEAVING A COMMENT BUT NOT UPVOTING; THAT'S A PADDLIN',"image tagged in i fear no man,unfunny,hentai,memes","Three dragon heads are illustrated in a single image, with the two on the sides looking fierce and the one in the middle sticking out its tongue in a goofy expression.","image tagged in i fear no man,unfunny,hentai,memes","Three dragon heads are illustrated in a single image, with the two on the sides looking fierce and the one in the middle sticking out its tongue in a goofy expression.",LEAVING A COMMENT BUT NOT UPVOTING; THAT'S A PADDLIN',"{""selected caption number"":""2""}"
https://i.imgflip.com/4/2oo7h0.jpg,*** TRAVIS BARKER***; Y’ALL GOT ANYMORE OF THEM NEW POP PUNK BANDS?,When you upvote your own meme:,A person is setting up a sequence of progressively smaller rectangular blocks in what appears to be a demonstration of a domino effect.,*** TRAVIS BARKER***; Y’ALL GOT ANYMORE OF THEM NEW POP PUNK BANDS?,When you upvote your own meme:,A person is setting up a sequence of progressively smaller rectangular blocks in what appears to be a demonstration of a domino effect.,"{""selected caption number"":""2""}"
https://i.imgflip.com/4/15hg.jpg,If you ate a whole cake without cutting it...you technically only had one piece.,THERE ARE DUMB PEOPLE ON IMGFLIP; UPVOTE IF YOUR NOT ONE OF THEM,"The image is a four-panel sequence showing two men, where the first appears to be talking and the second reacting with increasing distress.","The image is a four-panel sequence showing two men, where the first appears to be talking and the second reacting with increasing distress.",THERE ARE DUMB PEOPLE ON IMGFLIP; UPVOTE IF YOUR NOT ONE OF THEM,If you ate a whole cake without cutting it...you technically only had one piece.,"{""selected caption number"":""3""}"
https://i.imgflip.com/4/14wa6i.jpg,"PBS is made possible thanks to viewers like you!
Thank you! 5 year old me",YOUR ROBLOX GIRLFRIEND; A 30 YEAR OLD FAT MAN NAMED CHUCK,"The image is a still of SpongeBob SquarePants, depicted in an agitated state, from the animated television series.","PBS is made possible thanks to viewers like you!
Thank you! 5 year old me",YOUR ROBLOX GIRLFRIEND; A 30 YEAR OLD FAT MAN NAMED CHUCK,"The image is a still of SpongeBob SquarePants, depicted in an agitated state, from the animated television series.","{""selected caption number"":""2""}"
https://i.imgflip.com/4/pry7.jpg,When you upvote your own meme:,I SEE YOU AREN'T WEARING YOUR WII REMOTE WRIST STRAP; I TOO LIKE TO LIVE DANGEROUSLY,The image displays a white crown centered on a solid red background.,I SEE YOU AREN'T WEARING YOUR WII REMOTE WRIST STRAP; I TOO LIKE TO LIVE DANGEROUSLY,When you upvote your own meme:,The image displays a white crown centered on a solid red background.,"{""selected caption number"":""1""}"
https://i.imgflip.com/4/em3r.jpg,HITTING THE NAIL,"image tagged in drake hotline approves,wendys,gravity falls","The image shows a close-up of Gollum, a digital character from the ""Lord of the Rings"" series, with his distinct wide-eyed expression and sharp features.","image tagged in drake hotline approves,wendys,gravity falls",HITTING THE NAIL,"The image shows a close-up of Gollum, a digital character from the ""Lord of the Rings"" series, with his distinct wide-eyed expression and sharp features.","{""selected caption number"":""2""}"
https://i.imgflip.com/4/2bqzyl.jpg,POPCORN KERNEL; MY TOOTH; MY OTHER TOOTH,CATHOLIC SAYS &quot;YOU ARE GOING TO HELL.&quot;; DROWN HIM IN THE HOLY WATER BOWL WHILE SHOUTING IN HIS EAR &quot;WHEN YOU SEE THE DEVIL TELL HIM I'M COMING FOR HIM NEXT!&quot;,"The image is a humorous two-panel meme featuring a plush toy resembling Elmo from Sesame Street, positioned with its face in a pile of a powdery white substance, parodying the setup of a person having collapsed after excessive indulgence.",CATHOLIC SAYS &quot;YOU ARE GOING TO HELL.&quot;; DROWN HIM IN THE HOLY WATER BOWL WHILE SHOUTING IN HIS EAR &quot;WHEN YOU SEE THE DEVIL TELL HIM I'M COMING FOR HIM NEXT!&quot;,POPCORN KERNEL; MY TOOTH; MY OTHER TOOTH,"The image is a humorous two-panel meme featuring a plush toy resembling Elmo from Sesame Street, positioned with its face in a pile of a powdery white substance, parodying the setup of a person having collapsed after excessive indulgence.","{""selected caption number"":""3""}"
https://i.imgflip.com/4/4vy0.jpg,PEOPLE WHO TAKE CARE OF CHICKENS; ARE LITERALLY CHICKEN TENDERS,EXAMS BE LIKE; 1+1; 3; 1090; 765; 9,The image shows a person talking on a cellphone with a concerned expression in a dimly lit environment.,The image shows a person talking on a cellphone with a concerned expression in a dimly lit environment.,EXAMS BE LIKE; 1+1; 3; 1090; 765; 9,PEOPLE WHO TAKE CARE OF CHICKENS; ARE LITERALLY CHICKEN TENDERS,"{""selected caption number"":""3""}"
https://i.imgflip.com/4/bwu6w.jpg,How it feels when you're done all your homework and you get to close all the tabs,I HAVE GTA 6 DOWN HERE; ME:,"The picture shows a simple line drawing of a figure with an elongated, bending upper body and legs that is standing and holding a walking stick.","The picture shows a simple line drawing of a figure with an elongated, bending upper body and legs that is standing and holding a walking stick.",How it feels when you're done all your homework and you get to close all the tabs,I HAVE GTA 6 DOWN HERE; ME:,"{""selected caption number"":""2""}"
https://i.imgflip.com/4/3d24.jpg,WHEN YOU REALIZE UPVOTING GIVES YOU POINTS; YOU GET AN UPVOTE! YOU GET AN UPVOTE! AND YOU GET AN UPVOTE! EVERYONE GETS AN UPVOTE!! :DD,TEN YEAR OLD ME DECIDING WHAT TO USE AS A TARGET FOR MY NERF GUN; AN ACTUAL NERF TARGET; MY SISTER’S DOLLS,"The image is a triptych from a movie showing two men in a tense conversation, with one man's surprised reaction highlighted in the bottom panel.",TEN YEAR OLD ME DECIDING WHAT TO USE AS A TARGET FOR MY NERF GUN; AN ACTUAL NERF TARGET; MY SISTER’S DOLLS,WHEN YOU REALIZE UPVOTING GIVES YOU POINTS; YOU GET AN UPVOTE! YOU GET AN UPVOTE! AND YOU GET AN UPVOTE! EVERYONE GETS AN UPVOTE!! :DD,"The image is a triptych from a movie showing two men in a tense conversation, with one man's surprised reaction highlighted in the bottom panel.","{""selected caption number"":""2""}"
https://i.imgflip.com/4/tas1.jpg,Burger King after winning a prom date with Wendy's:,"Covid isn't real, masks are the government trying to silence us. Your aim sucks Billy, there's this thing called a headshot.","A person in a Spider-Man costume is sitting behind a desk in an office, with a framed picture of Spider-Man on the wall behind them.","A person in a Spider-Man costume is sitting behind a desk in an office, with a framed picture of Spider-Man on the wall behind them.",Burger King after winning a prom date with Wendy's:,"Covid isn't real, masks are the government trying to silence us. Your aim sucks Billy, there's this thing called a headshot.","{""selected caption number"":""1""}"
https://i.imgflip.com/4/29v4rt.jpg,how to admit to your crush that you like her; how to get rejected,"I HAVE BAD NEWS FOR Y'ALL... MY SCHOOL SYSTEM BLOCKED IMAGE FLIP. I WAS ONLY ABLE TO GET IN BY A FLUKE IN THE SYSTEM. THIS MIGHT BE ONE OF THE LAST MEMES I MAKE ON THIS ACCOUNT (HINT HINT, I DON'T HAVE A SECOND ONE.) THIS IS A FAREWELL FROM ME, OR AT LEAST FOR NOW :(","The image shows a meme where one man is declaring his friendship has ended with another man named Mudasir, and now a different man, Salman, is his best friend, with the former friend's picture crossed out in green.",how to admit to your crush that you like her; how to get rejected,"The image shows a meme where one man is declaring his friendship has ended with another man named Mudasir, and now a different man, Salman, is his best friend, with the former friend's picture crossed out in green.","I HAVE BAD NEWS FOR Y'ALL... MY SCHOOL SYSTEM BLOCKED IMAGE FLIP. I WAS ONLY ABLE TO GET IN BY A FLUKE IN THE SYSTEM. THIS MIGHT BE ONE OF THE LAST MEMES I MAKE ON THIS ACCOUNT (HINT HINT, I DON'T HAVE A SECOND ONE.) THIS IS A FAREWELL FROM ME, OR AT LEAST FOR NOW :(","{""selected caption number"":""2""}"
https://i.imgflip.com/4/4bh6h.jpg,Glass companies:; Riots: *start,I PITY THE FOOL THAT PITIES THE FOOL BECAUSE THE FOOL THAT PITIES THE FOOL... IS A FOOL,"The image shows a person with a surprised or startled expression, raising their eyebrows, with the background appearing to be a wall with some graffiti.","The image shows a person with a surprised or startled expression, raising their eyebrows, with the background appearing to be a wall with some graffiti.",I PITY THE FOOL THAT PITIES THE FOOL BECAUSE THE FOOL THAT PITIES THE FOOL... IS A FOOL,Glass companies:; Riots: *start,"{""selected caption number"":""3""}"
https://i.imgflip.com/4/2m20oc.jpg,YOUR ROBLOX GIRLFRIEND; A 30 YEAR OLD FAT MAN NAMED CHUCK,"ANXIETY, IMSOMNIA, AND BAD CAFETERIA FOOD; 7 HOURS A DAY, 300 DAYS A YEAR, 12 YEARS; SCHOOLS",A person is holding a smartphone displaying a 'Presidential Alert' notification on the screen.,YOUR ROBLOX GIRLFRIEND; A 30 YEAR OLD FAT MAN NAMED CHUCK,"ANXIETY, IMSOMNIA, AND BAD CAFETERIA FOOD; 7 HOURS A DAY, 300 DAYS A YEAR, 12 YEARS; SCHOOLS",A person is holding a smartphone displaying a 'Presidential Alert' notification on the screen.,"{""selected caption number"":""1""}"
https://i.imgflip.com/4/we0ps.jpg,UPVOTE IF; YOU EAT THE CRUST OF A PIZZA,"MY ASS OPEN 6 AM; MCDONALDS
YASS OPEN 6 AM",A man appears pensive or contemplative against a blurred natural background.,UPVOTE IF; YOU EAT THE CRUST OF A PIZZA,"MY ASS OPEN 6 AM; MCDONALDS
YASS OPEN 6 AM",A man appears pensive or contemplative against a blurred natural background.,"{""selected caption number"":""2""}"
https://i.imgflip.com/4/1itoun.jpg,the world if YouTube didn't make double 15 second ads,SUPPORTS ISRAEL; GETS CALLED A NAZI,"A man is gesturing excitedly in front of a cluttered bulletin board covered with papers, photos, and strings, resembling a complex investigation or conspiracy theory map.",the world if YouTube didn't make double 15 second ads,SUPPORTS ISRAEL; GETS CALLED A NAZI,"A man is gesturing excitedly in front of a cluttered bulletin board covered with papers, photos, and strings, resembling a complex investigation or conspiracy theory map.","{""selected caption number"":""1""}"
https://i.imgflip.com/4/25w8.jpg,"My parents: We love you more than anything
Also my parents when I spill a glass of water:",MY FAMILY:; WHITY MILK,A person is smiling at the camera with a collage of photos in the background on a wall.,"My parents: We love you more than anything
Also my parents when I spill a glass of water:",MY FAMILY:; WHITY MILK,A person is smiling at the camera with a collage of photos in the background on a wall.,"{""selected caption number"":""1""}"
https://i.imgflip.com/4/372syy.jpg,yoursupersuitisgone,"MAYBE I'M OUT OF TOUCH WITH TODAY'S MUSIC AND COULTURE; NO, THE MUSIC IS JUST SHIT",The image shows a 3D animated character with a business suit and arms crossed standing in front of a dynamic stock market background with an upward-trending arrow and various numerical stock values.,yoursupersuitisgone,"MAYBE I'M OUT OF TOUCH WITH TODAY'S MUSIC AND COULTURE; NO, THE MUSIC IS JUST SHIT",The image shows a 3D animated character with a business suit and arms crossed standing in front of a dynamic stock market background with an upward-trending arrow and various numerical stock values.,"{""selected caption number"":""2""}"
https://i.imgflip.com/4/65939r.jpg,"MY ASS OPEN 6 AM; MCDONALDS
YASS OPEN 6 AM","me driving down any street during the Halloween season:; SPIDERS, SPIDERS EVERYWHERE",The image shows a close-up of a surprised or concerned-looking animated character with blue skin and green eyes.,"me driving down any street during the Halloween season:; SPIDERS, SPIDERS EVERYWHERE","MY ASS OPEN 6 AM; MCDONALDS
YASS OPEN 6 AM",The image shows a close-up of a surprised or concerned-looking animated character with blue skin and green eyes.,"{""selected caption number"":""1""}"
https://i.imgflip.com/4/vdz0.jpg,"I HAVE BAD NEWS FOR Y'ALL... MY SCHOOL SYSTEM BLOCKED IMAGE FLIP. I WAS ONLY ABLE TO GET IN BY A FLUKE IN THE SYSTEM. THIS MIGHT BE ONE OF THE LAST MEMES I MAKE ON THIS ACCOUNT (HINT HINT, I DON'T HAVE A SECOND ONE.) THIS IS A FAREWELL FROM ME, OR AT LEAST FOR NOW :(",THE PERSON READING THIS,"The image shows a colorful ""Congratulations"" certificate with a smiling star character and the phrase ""You did it!"" indicating a celebration of an achievement.","I HAVE BAD NEWS FOR Y'ALL... MY SCHOOL SYSTEM BLOCKED IMAGE FLIP. I WAS ONLY ABLE TO GET IN BY A FLUKE IN THE SYSTEM. THIS MIGHT BE ONE OF THE LAST MEMES I MAKE ON THIS ACCOUNT (HINT HINT, I DON'T HAVE A SECOND ONE.) THIS IS A FAREWELL FROM ME, OR AT LEAST FOR NOW :(",THE PERSON READING THIS,"The image shows a colorful ""Congratulations"" certificate with a smiling star character and the phrase ""You did it!"" indicating a celebration of an achievement.","{""selected caption number"":""2""}"
https://i.imgflip.com/4/2tzo2k.jpg,DISTRACTIONS; BACK TO WRITING; DISTRACTIONS,I SEE DUMB LIBERALS EVERYWHERE... MOST OF THEM DON'T EVEN KNOW THEY'RE DUMB.,"The illustration depicts a soldier shielding a sleeping child from incoming bullets with his own body, symbolizing self-sacrifice and protection.",I SEE DUMB LIBERALS EVERYWHERE... MOST OF THEM DON'T EVEN KNOW THEY'RE DUMB.,"The illustration depicts a soldier shielding a sleeping child from incoming bullets with his own body, symbolizing self-sacrifice and protection.",DISTRACTIONS; BACK TO WRITING; DISTRACTIONS,"{""selected caption number"":""3""}"
https://i.imgflip.com/4/6656q.jpg,PEOPLE WHO TAKE IMGFLIP SERIOUSLY; DON'T BELONG ON IMGFLIP,"LIFE SUCKS, BUT THERE'S A GUY FROM 2000 YEARS AGO WHO LOVES ME; SO I GOT THAT GOIN FOR ME, WHICH IS CHRIST","The image shows a young woman with blonde hair, wearing a pink striped shirt under a pink jacket, looking slightly surprised or confused in a classroom setting.","LIFE SUCKS, BUT THERE'S A GUY FROM 2000 YEARS AGO WHO LOVES ME; SO I GOT THAT GOIN FOR ME, WHICH IS CHRIST","The image shows a young woman with blonde hair, wearing a pink striped shirt under a pink jacket, looking slightly surprised or confused in a classroom setting.",PEOPLE WHO TAKE IMGFLIP SERIOUSLY; DON'T BELONG ON IMGFLIP,"{""selected caption number"":""3""}"
https://i.imgflip.com/4/3umnr3.jpg,"image tagged in let me in,mario,super mario galaxy,memes",BEHOLD I AM THE DOWNVOTE FAIRY.,"The picture shows two hand-drawn faces side by side: one is expressing intense crying or anguish, and the other has a calm profile with a beard and neatly combed hair.","image tagged in let me in,mario,super mario galaxy,memes",BEHOLD I AM THE DOWNVOTE FAIRY.,"The picture shows two hand-drawn faces side by side: one is expressing intense crying or anguish, and the other has a calm profile with a beard and neatly combed hair.","{""selected caption number"":""3""}"
https://i.imgflip.com/4/2cjr7j.jpg,THOSE ARE ANDY'S MOM'S TOYS; THEY HAVE THE SAME NAMES AS WE DO,THE USERS WHO SCROLL THROUGH A LOT OF PAGES TO UPVOTE NEW MEMES THAT HELP THEM GET CLOSER TO THE FRONT PAGE YOU THE REAL MVP,"A young animated character with glasses is looking surprised at a yellow butterfly near their open hand, with a window and greenery in the background.",THE USERS WHO SCROLL THROUGH A LOT OF PAGES TO UPVOTE NEW MEMES THAT HELP THEM GET CLOSER TO THE FRONT PAGE YOU THE REAL MVP,THOSE ARE ANDY'S MOM'S TOYS; THEY HAVE THE SAME NAMES AS WE DO,"A young animated character with glasses is looking surprised at a yellow butterfly near their open hand, with a window and greenery in the background.","{""selected caption number"":""2""}"
https://i.imgflip.com/4/2b5p.jpg,THESE MUSHROOMS ARE SO RAW; THEY'RE TELLING ME PRINCESS PEACH IS IN ANOTHER CASTLE,How it feels when you're done all your homework and you get to close all the tabs,The image shows a person making a mischievous or smirking expression.,THESE MUSHROOMS ARE SO RAW; THEY'RE TELLING ME PRINCESS PEACH IS IN ANOTHER CASTLE,How it feels when you're done all your homework and you get to close all the tabs,The image shows a person making a mischievous or smirking expression.,"{""selected caption number"":""1""}"
https://i.imgflip.com/4/1jgrgn.jpg,"CARL... WHAT DO YOU CALL A MAN WITH NO BODY AND NOSE? DAD... NOBODY NOSE; MOM JUST DIED DAD, STFU",GOD:; HUMANITY:,"The image shows two frames from an animated show, both featuring the same character in different poses, with a thoughtful expression in the first and a surprised expression in the second, set against a background of urban buildings and a cloudy sky.","The image shows two frames from an animated show, both featuring the same character in different poses, with a thoughtful expression in the first and a surprised expression in the second, set against a background of urban buildings and a cloudy sky.",GOD:; HUMANITY:,"CARL... WHAT DO YOU CALL A MAN WITH NO BODY AND NOSE? DAD... NOBODY NOSE; MOM JUST DIED DAD, STFU","{""selected caption number"":""2""}"
https://i.imgflip.com/4/4qntuo.jpg,"Covid isn't real, masks are the government trying to silence us. Your aim sucks Billy, there's this thing called a headshot.",getting a girlfreind; beating depression; future you,"The comic strip depicts a person putting on a band-aid in the first panel and showing a thumbs up with the band-aid mistakenly stuck to the window in the second panel, oblivious to the mistake.","Covid isn't real, masks are the government trying to silence us. Your aim sucks Billy, there's this thing called a headshot.","The comic strip depicts a person putting on a band-aid in the first panel and showing a thumbs up with the band-aid mistakenly stuck to the window in the second panel, oblivious to the mistake.",getting a girlfreind; beating depression; future you,"{""selected caption number"":""2""}"
https://i.imgflip.com/4/8rwb.jpg,I ACCIDENTALLY REPORTED MY OWN MEME ONCE,A MUSIC VIDEO ON MTV NOW THAT'S SOMETHING I HAVEN'T SEEN IN A VERY LONG TIME,"The image shows a close-up of a bearded older man with grey hair, looking contemplatively off to the side, wearing a hooded cloak against a sandy background.",A MUSIC VIDEO ON MTV NOW THAT'S SOMETHING I HAVEN'T SEEN IN A VERY LONG TIME,"The image shows a close-up of a bearded older man with grey hair, looking contemplatively off to the side, wearing a hooded cloak against a sandy background.",I ACCIDENTALLY REPORTED MY OWN MEME ONCE,"{""selected caption number"":""1""}"
https://i.imgflip.com/4/1peaka.jpg,MOTION SENSORS; IN RESTAURANT BATHROOM FAUCETS,yoursupersuitisgone,Two individuals dressed as Spider-Man are pointing at each other in an alleyway with an NYPD van in the background.,Two individuals dressed as Spider-Man are pointing at each other in an alleyway with an NYPD van in the background.,yoursupersuitisgone,MOTION SENSORS; IN RESTAURANT BATHROOM FAUCETS,"{""selected caption number"":""1""}"
https://i.imgflip.com/4/4amyl5.jpg,WHIT SPACE RIGHT? IM GONNA PAUSE THIS VIDEO; WITH SPACE RIGHT?,I sit at work in front of a computer all day. Just so I can afford to sit at home in front of a computer all night.,"The image is a humorous edit featuring three orangutans sitting at a news desk with the caption ""where banana.""",I sit at work in front of a computer all day. Just so I can afford to sit at home in front of a computer all night.,"The image is a humorous edit featuring three orangutans sitting at a news desk with the caption ""where banana.""",WHIT SPACE RIGHT? IM GONNA PAUSE THIS VIDEO; WITH SPACE RIGHT?,"{""selected caption number"":""2""}"
https://i.imgflip.com/4/3vfrmx.jpg,A DEPRESSION SUFFERER IN A GOOD MOOD. IS THIS MANIA?,HITTING THE NAIL,"The image shows two people, one with a face painted with menacing designs, seemingly performing or participating in a dramatic or thrilling entertainment event, surrounded by smoke and colored lighting.",A DEPRESSION SUFFERER IN A GOOD MOOD. IS THIS MANIA?,"The image shows two people, one with a face painted with menacing designs, seemingly performing or participating in a dramatic or thrilling entertainment event, surrounded by smoke and colored lighting.",HITTING THE NAIL,"{""selected caption number"":""3""}"
https://i.imgflip.com/4/34uws.jpg,"STEP 1. BUY A 3D PRINTER
STEP 2. PRINT A 3D PRINTER
STEP 3. RETURN 3D PRINTER","GENTLEMEN, ITS WITH GREAT PLEASURE TO INFORM YOU THAT; HALLOWEEN IS TOMORROW","The image shows an animated character with a long white beard, looking grumpy or displeased, while holding a wooden object, possibly a cane or a tool, with both hands.","GENTLEMEN, ITS WITH GREAT PLEASURE TO INFORM YOU THAT; HALLOWEEN IS TOMORROW","The image shows an animated character with a long white beard, looking grumpy or displeased, while holding a wooden object, possibly a cane or a tool, with both hands.","STEP 1. BUY A 3D PRINTER
STEP 2. PRINT A 3D PRINTER
STEP 3. RETURN 3D PRINTER","{""selected caption number"":""3""}"
https://i.imgflip.com/4/k6jjl.jpg,"ANXIETY, IMSOMNIA, AND BAD CAFETERIA FOOD; 7 HOURS A DAY, 300 DAYS A YEAR, 12 YEARS; SCHOOLS",how to admit to your crush that you like her; how to get rejected,"A person is wearing a brown jacket and a red beanie, with a subtle smile and a night-time urban setting in the background.","ANXIETY, IMSOMNIA, AND BAD CAFETERIA FOOD; 7 HOURS A DAY, 300 DAYS A YEAR, 12 YEARS; SCHOOLS",how to admit to your crush that you like her; how to get rejected,"A person is wearing a brown jacket and a red beanie, with a subtle smile and a night-time urban setting in the background.","{""selected caption number"":""1""}"
https://i.imgflip.com/4/2baxar.jpg,INTERNET EXPLORER HAS STOPPED WORKING'' FALSE. THAT WOULD MEAN INTERNET EXPLORER WAS WORKING TO BEGIN WITH.,"Sure Grandma, let's get you to bed; I remember when gas cost less than $3 a gallon",Lisa Simpson stands on a stage in front of an audience with a large screen behind her.,"Sure Grandma, let's get you to bed; I remember when gas cost less than $3 a gallon",Lisa Simpson stands on a stage in front of an audience with a large screen behind her.,INTERNET EXPLORER HAS STOPPED WORKING'' FALSE. THAT WOULD MEAN INTERNET EXPLORER WAS WORKING TO BEGIN WITH.,"{""selected caption number"":""3""}"
https://i.imgflip.com/4/19pu.jpg,"I DON'T ALWAYS OVERTHINK THINGS; BUT WHEN I DO, I PREFER TO EXHAUSTIVELY OVERANALYZE THEM.","STEP 1. BUY A 3D PRINTER
STEP 2. PRINT A 3D PRINTER
STEP 3. RETURN 3D PRINTER","The image shows a cartoon robot with a square jaw and an antenna on its head, standing in the foreground holding a device, with a green, monstrous-looking character in the background.","STEP 1. BUY A 3D PRINTER
STEP 2. PRINT A 3D PRINTER
STEP 3. RETURN 3D PRINTER","I DON'T ALWAYS OVERTHINK THINGS; BUT WHEN I DO, I PREFER TO EXHAUSTIVELY OVERANALYZE THEM.","The image shows a cartoon robot with a square jaw and an antenna on its head, standing in the foreground holding a device, with a green, monstrous-looking character in the background.","{""selected caption number"":""3""}"
https://i.imgflip.com/4/6mk4.jpg,ME WHEN ITS 30 DEGREES OUTSIDE  AND I GET IN TO COLD SHEETS,"Yup; You are Disney, right? Yup; And you are a considered the the king of animation and has made a lot of movies that we still love today? Therefore, making more and more remakes of these said movies are getting stale, and sometimes it makes a lot of people angry due to the poor writing and morals; That makes sense to me; So stop making them; But we want to capture the same feelings that other people have felt for their animated counterparts",A man with a menacing expression is peering through a jagged gap in a wooden door.,A man with a menacing expression is peering through a jagged gap in a wooden door.,ME WHEN ITS 30 DEGREES OUTSIDE  AND I GET IN TO COLD SHEETS,"Yup; You are Disney, right? Yup; And you are a considered the the king of animation and has made a lot of movies that we still love today? Therefore, making more and more remakes of these said movies are getting stale, and sometimes it makes a lot of people angry due to the poor writing and morals; That makes sense to me; So stop making them; But we want to capture the same feelings that other people have felt for their animated counterparts","{""selected caption number"":""2""}"
https://i.imgflip.com/4/25w4.jpg,OH SO UR THE GUY WHO MADE THE RULE WOMEN COULD BEAT UP MEN BUT MEN HAVE TO GO TO PRISON CUZ THEY DEFEND THEMSELVES FROM WOMEN; YOUR DEATH WILL BE SLOW,TEACHER:WHY ARE YOU AT SCHOOL SO EARLY; ME:MY MOTHER TOLD ME TO GO TO HELL SOOOOO,"The image shows a crowd of young people, possibly at a concert or festival, with expressions of excitement and enjoyment.","The image shows a crowd of young people, possibly at a concert or festival, with expressions of excitement and enjoyment.",TEACHER:WHY ARE YOU AT SCHOOL SO EARLY; ME:MY MOTHER TOLD ME TO GO TO HELL SOOOOO,OH SO UR THE GUY WHO MADE THE RULE WOMEN COULD BEAT UP MEN BUT MEN HAVE TO GO TO PRISON CUZ THEY DEFEND THEMSELVES FROM WOMEN; YOUR DEATH WILL BE SLOW,"{""selected caption number"":""1""}"
https://i.imgflip.com/4/e8gx0.jpg,YOU CAN'T HAVE A MEME STOLEN; IF YOU NEVER CREATE A MEME,*** TRAVIS BARKER***; Y’ALL GOT ANYMORE OF THEM NEW POP PUNK BANDS?,The image shows a close-up of a content-looking seal with its eyes closed and a visible pattern of whiskers.,*** TRAVIS BARKER***; Y’ALL GOT ANYMORE OF THEM NEW POP PUNK BANDS?,The image shows a close-up of a content-looking seal with its eyes closed and a visible pattern of whiskers.,YOU CAN'T HAVE A MEME STOLEN; IF YOU NEVER CREATE A MEME,"{""selected caption number"":""3""}"
https://i.imgflip.com/4/49z6c.jpg,THERE ARE DUMB PEOPLE ON IMGFLIP; UPVOTE IF YOUR NOT ONE OF THEM,ME WHEN ITS 30 DEGREES OUTSIDE  AND I GET IN TO COLD SHEETS,"The image is a three-panel sequence showing a woman in a red dress energetically gesturing to an audience, which gives the impression of a dynamic or exciting moment, possibly on a talk show.","The image is a three-panel sequence showing a woman in a red dress energetically gesturing to an audience, which gives the impression of a dynamic or exciting moment, possibly on a talk show.",THERE ARE DUMB PEOPLE ON IMGFLIP; UPVOTE IF YOUR NOT ONE OF THEM,ME WHEN ITS 30 DEGREES OUTSIDE  AND I GET IN TO COLD SHEETS,"{""selected caption number"":""3""}"
https://i.imgflip.com/4/7bk2.jpg,3 YEAR OLD ME; A STRANGER THAT I THOUGHT WAS MY DAD,BOYS WHEN A GIRL CRIES BECAUSE SHE GOT REJECTED BY HER CRUSH,"A baby with a determined expression is making a fist, possibly mimicking a ""success"" gesture, while standing on a sandy beach.",BOYS WHEN A GIRL CRIES BECAUSE SHE GOT REJECTED BY HER CRUSH,3 YEAR OLD ME; A STRANGER THAT I THOUGHT WAS MY DAD,"A baby with a determined expression is making a fist, possibly mimicking a ""success"" gesture, while standing on a sandy beach.","{""selected caption number"":""2""}"
https://i.imgflip.com/4/38iqvl.jpg,GOD:; HUMANITY:,FINALLY; TRAFFIC JAM,A person in a bright yellow coat is peeking out from behind a tree with a thoughtful expression.,GOD:; HUMANITY:,A person in a bright yellow coat is peeking out from behind a tree with a thoughtful expression.,FINALLY; TRAFFIC JAM,"{""selected caption number"":""3""}"
https://i.imgflip.com/4/2eeunw.jpg,"Sure Grandma, let's get you to bed; I remember when gas cost less than $3 a gallon",YOU CAN'T HAVE A MEME STOLEN; IF YOU NEVER CREATE A MEME,The image depicts a two-panel cartoon scene where a character is unmasking a figure dressed as a ghost to reveal the true identity of the person underneath.,The image depicts a two-panel cartoon scene where a character is unmasking a figure dressed as a ghost to reveal the true identity of the person underneath.,"Sure Grandma, let's get you to bed; I remember when gas cost less than $3 a gallon",YOU CAN'T HAVE A MEME STOLEN; IF YOU NEVER CREATE A MEME,"{""selected caption number"":""2""}"
https://i.imgflip.com/4/35bdwf.jpg,"LIFE SUCKS, BUT THERE'S A GUY FROM 2000 YEARS AGO WHO LOVES ME; SO I GOT THAT GOIN FOR ME, WHICH IS CHRIST",Joke; Meme,The black and white image showcases a muscular man seated in a contemplative pose with pronounced shadows highlighting his defined physique.,Joke; Meme,"LIFE SUCKS, BUT THERE'S A GUY FROM 2000 YEARS AGO WHO LOVES ME; SO I GOT THAT GOIN FOR ME, WHICH IS CHRIST",The black and white image showcases a muscular man seated in a contemplative pose with pronounced shadows highlighting his defined physique.,"{""selected caption number"":""2""}"
https://i.imgflip.com/4/2ynjel.jpg,EVERY COMPANY IN JUNE,If you ate a whole cake without cutting it...you technically only had one piece.,"The image depicts a futuristic cityscape with sleek buildings, a person walking, advanced transportation systems, and flying vehicles, set against a backdrop of greenery under a clear sky.","The image depicts a futuristic cityscape with sleek buildings, a person walking, advanced transportation systems, and flying vehicles, set against a backdrop of greenery under a clear sky.",EVERY COMPANY IN JUNE,If you ate a whole cake without cutting it...you technically only had one piece.,"{""selected caption number"":""3""}"
https://i.imgflip.com/4/34y5.jpg,THANK YOU FOR EVERYTHING YOU'VE DONE IMGFLIP COMMUNITY; THIS WEBSITE HAS HELPED ME THROUGH THE DARKEST TIMES OF MY LIFE,is the funny; me making a meme; everyone,"The picture shows a black and white close-up of a baby with an open mouth and wide eyes, exuding a strong expression of surprise or excitement.","The picture shows a black and white close-up of a baby with an open mouth and wide eyes, exuding a strong expression of surprise or excitement.",THANK YOU FOR EVERYTHING YOU'VE DONE IMGFLIP COMMUNITY; THIS WEBSITE HAS HELPED ME THROUGH THE DARKEST TIMES OF MY LIFE,is the funny; me making a meme; everyone,"{""selected caption number"":""1""}"
https://i.imgflip.com/4/2ndd7y.jpg,When you're home alone and you hear something fall,"My parents: We love you more than anything
Also my parents when I spill a glass of water:",The image shows a blurred person walking along a checkered-floor hallway with another person in the background appearing unusually tall due to the perspective.,When you're home alone and you hear something fall,"My parents: We love you more than anything
Also my parents when I spill a glass of water:",The image shows a blurred person walking along a checkered-floor hallway with another person in the background appearing unusually tall due to the perspective.,"{""selected caption number"":""2""}"
https://i.imgflip.com/4/lukr1.jpg,SUPPORTS ISRAEL; GETS CALLED A NAZI,WHEN YOU'RE TRYING TO GET OUT OF SOMEONE'S WAY WHILE THEY ARE ALSO TRYING TO GET OUT OF YOUR WAY; AND YOU GET STUCK IN THE &quot;EXCUSE ME&quot; DANCE.,A plush toy resembling Kermit the Frog is gazing out of a window dotted with raindrops.,A plush toy resembling Kermit the Frog is gazing out of a window dotted with raindrops.,SUPPORTS ISRAEL; GETS CALLED A NAZI,WHEN YOU'RE TRYING TO GET OUT OF SOMEONE'S WAY WHILE THEY ARE ALSO TRYING TO GET OUT OF YOUR WAY; AND YOU GET STUCK IN THE &quot;EXCUSE ME&quot; DANCE.,"{1:""A plush toy resembling Kermit the Frog is gazing out of a window dotted with raindrops.""}"
https://i.imgflip.com/4/39sjn7.jpg,"me driving down any street during the Halloween season:; SPIDERS, SPIDERS EVERYWHERE",MAKING FUN OF SOMEONE'S BROKEN ENGLISH? TELL ME AGAIN HOW MANY LANGUAGES YOU SPEAK FLUENTLY?,"The image is a close-up of an animated character with gray hair looking determined or angry, with a raised fist, which suggests that the character is in an intense or confrontational moment.","me driving down any street during the Halloween season:; SPIDERS, SPIDERS EVERYWHERE","The image is a close-up of an animated character with gray hair looking determined or angry, with a raised fist, which suggests that the character is in an intense or confrontational moment.",MAKING FUN OF SOMEONE'S BROKEN ENGLISH? TELL ME AGAIN HOW MANY LANGUAGES YOU SPEAK FLUENTLY?,"{""selected caption number"":""3""}"
https://i.imgflip.com/4/3eqjd8.jpg,TEACHER:WHY ARE YOU AT SCHOOL SO EARLY; ME:MY MOTHER TOLD ME TO GO TO HELL SOOOOO,"NORMAL ADS; ADS THAT LET YOU PLAY; ADS THAT PRETEND THAT YOU CAN PLAY, BUT JUST BRINGS YOU TO THE APPSTORE","The image shows three cartoon figures, each dressed as Spider-Man, pointing at each other in a room with a comedic and confused posture, reminiscent of a popular internet meme.","The image shows three cartoon figures, each dressed as Spider-Man, pointing at each other in a room with a comedic and confused posture, reminiscent of a popular internet meme.","NORMAL ADS; ADS THAT LET YOU PLAY; ADS THAT PRETEND THAT YOU CAN PLAY, BUT JUST BRINGS YOU TO THE APPSTORE",TEACHER:WHY ARE YOU AT SCHOOL SO EARLY; ME:MY MOTHER TOLD ME TO GO TO HELL SOOOOO,"{""selected caption number"":""1""}"
https://i.imgflip.com/4/34eewo.jpg,VLADIMIR PUTIN; QUEEN ELIZABETH II; TECHNOBLADE,LEAVING A COMMENT BUT NOT UPVOTING; THAT'S A PADDLIN',"The image shows a three-panel comic strip with animated characters where the first panel depicts one character forcibly brushing the teeth of another, the second panel shows the characters' mood change while it is raining outside, and the third panel illustrates one character looking reflective with a slight frown.",VLADIMIR PUTIN; QUEEN ELIZABETH II; TECHNOBLADE,"The image shows a three-panel comic strip with animated characters where the first panel depicts one character forcibly brushing the teeth of another, the second panel shows the characters' mood change while it is raining outside, and the third panel illustrates one character looking reflective with a slight frown.",LEAVING A COMMENT BUT NOT UPVOTING; THAT'S A PADDLIN',"{""selected caption number"":""3""}"
https://i.imgflip.com/4/4mcml.jpg,EXAMS BE LIKE; 1+1; 3; 1090; 765; 9,BRACE YOURSELVES; THE SECOND GREAT MEME WAR IS COMING,A puffin is waddling across a grassy surface with its beak closed.,BRACE YOURSELVES; THE SECOND GREAT MEME WAR IS COMING,EXAMS BE LIKE; 1+1; 3; 1090; 765; 9,A puffin is waddling across a grassy surface with its beak closed.,"{""selected caption number"":""1""}"
https://i.imgflip.com/4/2tdam9.jpg,TEN YEAR OLD ME DECIDING WHAT TO USE AS A TARGET FOR MY NERF GUN; AN ACTUAL NERF TARGET; MY SISTER’S DOLLS,When you're home alone and you hear something fall,"The image is a two-panel meme showing a man in a suit at a fence, gesturing and shouting ""Let me in"" with increasing urgency.",When you're home alone and you hear something fall,TEN YEAR OLD ME DECIDING WHAT TO USE AS A TARGET FOR MY NERF GUN; AN ACTUAL NERF TARGET; MY SISTER’S DOLLS,"The image is a two-panel meme showing a man in a suit at a fence, gesturing and shouting ""Let me in"" with increasing urgency.","{""selected caption number"":""3""}"
https://i.imgflip.com/4/7r7lb.jpg,I SEE DUMB LIBERALS EVERYWHERE... MOST OF THEM DON'T EVEN KNOW THEY'RE DUMB.,I'M A VIRGIN,"The image shows two animated characters, one dressed as a cowboy and the other in a space ranger suit, in a room that appears to be from a children's animated movie.","The image shows two animated characters, one dressed as a cowboy and the other in a space ranger suit, in a room that appears to be from a children's animated movie.",I SEE DUMB LIBERALS EVERYWHERE... MOST OF THEM DON'T EVEN KNOW THEY'RE DUMB.,I'M A VIRGIN,"{""selected caption number"":""1""}"
https://i.imgflip.com/4/115ah.jpg,THE USERS WHO SCROLL THROUGH A LOT OF PAGES TO UPVOTE NEW MEMES THAT HELP THEM GET CLOSER TO THE FRONT PAGE YOU THE REAL MVP,"CARL... WHAT DO YOU CALL A MAN WITH NO BODY AND NOSE? DAD... NOBODY NOSE; MOM JUST DIED DAD, STFU",A chef appears to be shouting or expressing strong emotions in a professional kitchen setting.,"CARL... WHAT DO YOU CALL A MAN WITH NO BODY AND NOSE? DAD... NOBODY NOSE; MOM JUST DIED DAD, STFU",THE USERS WHO SCROLL THROUGH A LOT OF PAGES TO UPVOTE NEW MEMES THAT HELP THEM GET CLOSER TO THE FRONT PAGE YOU THE REAL MVP,A chef appears to be shouting or expressing strong emotions in a professional kitchen setting.,"{""selected caption number"":""2""}"
https://i.imgflip.com/4/26ae.jpg,THOSE 3 VITAMIN GUMMY’S I ATE 5 YEARS AGO; COVID ENTERING MY SYSTEM,SON: &quot;I PLAN TO BE AN ACTOR&quot;; FATHER: &quot;IT'S PRONOUNCED &quot;DOCTOR&quot;,"A person with hair in pigtails is posing with a surprised expression, holding several candy bars and wearing a vest over a white shirt, accompanied by a colorful bag.",SON: &quot;I PLAN TO BE AN ACTOR&quot;; FATHER: &quot;IT'S PRONOUNCED &quot;DOCTOR&quot;,THOSE 3 VITAMIN GUMMY’S I ATE 5 YEARS AGO; COVID ENTERING MY SYSTEM,"A person with hair in pigtails is posing with a surprised expression, holding several candy bars and wearing a vest over a white shirt, accompanied by a colorful bag.","{""selected caption number"":""2""}"
https://i.imgflip.com/4/6vq22.jpg,I sit at work in front of a computer all day. Just so I can afford to sit at home in front of a computer all night.,DISTRACTIONS; BACK TO WRITING; DISTRACTIONS,"The image is a split-frame shot showing two characters from a television show having a conversation outside a brick building marked ""C BLOCK.""",I sit at work in front of a computer all day. Just so I can afford to sit at home in front of a computer all night.,DISTRACTIONS; BACK TO WRITING; DISTRACTIONS,"The image is a split-frame shot showing two characters from a television show having a conversation outside a brick building marked ""C BLOCK.""","{1: ""I sit at work in front of a computer all day. Just so I can afford to sit at home in front of a computer all night.""}"
https://i.imgflip.com/4/2puag9.jpg,EVERY OTHER POKEMON; PIKACHU; EVERYONE,THANK YOU FOR EVERYTHING YOU'VE DONE IMGFLIP COMMUNITY; THIS WEBSITE HAS HELPED ME THROUGH THE DARKEST TIMES OF MY LIFE,"A blindfolded woman appears to be in a boat with two children whose faces are not visible, suggesting a scene of tension or uncertainty.",EVERY OTHER POKEMON; PIKACHU; EVERYONE,THANK YOU FOR EVERYTHING YOU'VE DONE IMGFLIP COMMUNITY; THIS WEBSITE HAS HELPED ME THROUGH THE DARKEST TIMES OF MY LIFE,"A blindfolded woman appears to be in a boat with two children whose faces are not visible, suggesting a scene of tension or uncertainty.","{""selected caption number"":""1""}"
https://i.imgflip.com/2/51g8j3.jpg,"image tagged in drake hotline approves,wendys,gravity falls",PEOPLE WHO TAKE CARE OF CHICKENS; ARE LITERALLY CHICKEN TENDERS,A man appears to be miming the act of knocking on an invisible door against a brick wall background.,PEOPLE WHO TAKE CARE OF CHICKENS; ARE LITERALLY CHICKEN TENDERS,"image tagged in drake hotline approves,wendys,gravity falls",A man appears to be miming the act of knocking on an invisible door against a brick wall background.,"{""selected caption number"":""1"",""caption text"":""PEOPLE WHO TAKE CARE OF CHICKENS; ARE LITERALLY CHICKEN TENDERS""}"
https://i.imgflip.com/4/5bgun8.jpg,UNLOCKING ONE OF THE HARDEST ACHIEVEMENTS IN THE GAME; ME WHO DID IT ON COMPLETE ACCIDENT,"I DON'T ALWAYS OVERTHINK THINGS; BUT WHEN I DO, I PREFER TO EXHAUSTIVELY OVERANALYZE THEM.","The image is a collage of four stills from a scene featuring a young man and a young woman, both dressed in costumes that suggest a romantic or fantasy setting, with the woman smiling broadly in one of the frames.","The image is a collage of four stills from a scene featuring a young man and a young woman, both dressed in costumes that suggest a romantic or fantasy setting, with the woman smiling broadly in one of the frames.",UNLOCKING ONE OF THE HARDEST ACHIEVEMENTS IN THE GAME; ME WHO DID IT ON COMPLETE ACCIDENT,"I DON'T ALWAYS OVERTHINK THINGS; BUT WHEN I DO, I PREFER TO EXHAUSTIVELY OVERANALYZE THEM.","{""selected caption number"":""1""}"
https://i.imgflip.com/4/29y0b4.jpg,"image tagged in i fear no man,unfunny,hentai,memes",A KID MOANS IN MY CLASS,"The image shows an animated character gesturing towards a butterfly with a puzzled look on his face, and a caption that starts with ""Is this,"" indicative of a meme format where the character is humorously misidentifying something.",A KID MOANS IN MY CLASS,"image tagged in i fear no man,unfunny,hentai,memes","The image shows an animated character gesturing towards a butterfly with a puzzled look on his face, and a caption that starts with ""Is this,"" indicative of a meme format where the character is humorously misidentifying something.","{""selected caption number"":""3""}"
https://i.imgflip.com/4/55ian8.jpg,BEING ON IMGFLIP WHILE IN SCHOOL,EVERY OTHER POKEMON; PIKACHU; EVERYONE,"The image shows a man making a hand gesture as if proposing a deal, with an overlaid text box presenting a ""TRADE OFFER"" format meme, where the terms of exchange are to be filled in by ""i receive"" and ""you receive.""",EVERY OTHER POKEMON; PIKACHU; EVERYONE,BEING ON IMGFLIP WHILE IN SCHOOL,"The image shows a man making a hand gesture as if proposing a deal, with an overlaid text box presenting a ""TRADE OFFER"" format meme, where the terms of exchange are to be filled in by ""i receive"" and ""you receive.""","{""selected caption number"":""3""}"
https://i.imgflip.com/4/27qxmb.jpg,I'M A VIRGIN,INTERNET EXPLORER HAS STOPPED WORKING'' FALSE. THAT WOULD MEAN INTERNET EXPLORER WAS WORKING TO BEGIN WITH.,A man in a suit is smiling at the camera with a park and a classic car in the background.,I'M A VIRGIN,A man in a suit is smiling at the camera with a park and a classic car in the background.,INTERNET EXPLORER HAS STOPPED WORKING'' FALSE. THAT WOULD MEAN INTERNET EXPLORER WAS WORKING TO BEGIN WITH.,"{""selected caption number"":""3""}"
https://i.imgflip.com/2/5cxb8b.jpg,EVERYBODY HOPING FOR A GOOD 2022; COVID NOT HAVING IT,PEOPLE WHO TAKE IMGFLIP SERIOUSLY; DON'T BELONG ON IMGFLIP,"The image shows an animated ogre with green skin, wearing a white long-sleeve tunic and brown pants, seeming to be in a cautious or sneaky pose.",EVERYBODY HOPING FOR A GOOD 2022; COVID NOT HAVING IT,"The image shows an animated ogre with green skin, wearing a white long-sleeve tunic and brown pants, seeming to be in a cautious or sneaky pose.",PEOPLE WHO TAKE IMGFLIP SERIOUSLY; DON'T BELONG ON IMGFLIP,"{""selected caption number"":""1""}"
https://i.imgflip.com/4/6emgw.jpg,SCREW IT I'LL JUST MAKE COMMENTS FROM NOW ON,A DEPRESSION SUFFERER IN A GOOD MOOD. IS THIS MANIA?,"The image shows a poised man with grey hair and a beard, wearing a black striped jacket and a white shirt, resting his chin on his hand and sporting a watch, against a backdrop that suggests a luxurious interior.",A DEPRESSION SUFFERER IN A GOOD MOOD. IS THIS MANIA?,"The image shows a poised man with grey hair and a beard, wearing a black striped jacket and a white shirt, resting his chin on his hand and sporting a watch, against a backdrop that suggests a luxurious interior.",SCREW IT I'LL JUST MAKE COMMENTS FROM NOW ON,"{""selected caption number"":""3"",""caption text"":""SCREW IT I'LL JUST MAKE COMMENTS FROM NOW ON""}"
https://i.imgflip.com/4/1lj6ra.jpg,I SEE YOU AREN'T WEARING YOUR WII REMOTE WRIST STRAP; I TOO LIKE TO LIVE DANGEROUSLY,"I'D LIKE TO TAKE THIS TIME TO CONGRATULATE RAYDOG ON REACHING 1 MILLION POINTS; JUST LIKE ENTERTAINER28 BEFORE HIM, HE'S AN INSPIRATION TO ALL IMGFLIPPERS","An elderly gentleman in a red sweater is shrugging with his palms up, expressing uncertainty or lack of knowledge.",I SEE YOU AREN'T WEARING YOUR WII REMOTE WRIST STRAP; I TOO LIKE TO LIVE DANGEROUSLY,"An elderly gentleman in a red sweater is shrugging with his palms up, expressing uncertainty or lack of knowledge.","I'D LIKE TO TAKE THIS TIME TO CONGRATULATE RAYDOG ON REACHING 1 MILLION POINTS; JUST LIKE ENTERTAINER28 BEFORE HIM, HE'S AN INSPIRATION TO ALL IMGFLIPPERS","{""selected caption number"":""1""}"
https://i.imgflip.com/4/of959.jpg,"WHEN THERE'S TWO DOORS, YOU'RE GONNA PUSH ON THE LOCKED ONE FIRST I GUARANTEE IT",THOSE ARE ANDY'S MOM'S TOYS; THEY HAVE THE SAME NAMES AS WE DO,"The image features a young man sitting in a classroom with a focused or concerned expression, while a young woman is visible in the background, both appearing to be engaged in some sort of classroom activity or lecture.",THOSE ARE ANDY'S MOM'S TOYS; THEY HAVE THE SAME NAMES AS WE DO,"The image features a young man sitting in a classroom with a focused or concerned expression, while a young woman is visible in the background, both appearing to be engaged in some sort of classroom activity or lecture.","WHEN THERE'S TWO DOORS, YOU'RE GONNA PUSH ON THE LOCKED ONE FIRST I GUARANTEE IT","{""selected caption number"":""3""}"
https://i.imgflip.com/4/3bovka.jpg,"I'D LIKE TO TAKE THIS TIME TO CONGRATULATE RAYDOG ON REACHING 1 MILLION POINTS; JUST LIKE ENTERTAINER28 BEFORE HIM, HE'S AN INSPIRATION TO ALL IMGFLIPPERS",SCREW IT I'LL JUST MAKE COMMENTS FROM NOW ON,"The image displays Gru, an animated character from the ""Despicable Me"" franchise, holding a gun with a serious expression on his face.","The image displays Gru, an animated character from the ""Despicable Me"" franchise, holding a gun with a serious expression on his face.","I'D LIKE TO TAKE THIS TIME TO CONGRATULATE RAYDOG ON REACHING 1 MILLION POINTS; JUST LIKE ENTERTAINER28 BEFORE HIM, HE'S AN INSPIRATION TO ALL IMGFLIPPERS",SCREW IT I'LL JUST MAKE COMMENTS FROM NOW ON,"{""selected caption number"":""3""}"
https://i.imgflip.com/4/1jqcf8.jpg,BRACE YOURSELVES; THE SECOND GREAT MEME WAR IS COMING,NO YOUR NOT; IM TOUGHER THAN YOU; I POOP IN SCHOOL BATHROOMS; HOLY SH*T,"A man is pointing to his temple with a smirk, suggesting he's had a clever thought or idea.",NO YOUR NOT; IM TOUGHER THAN YOU; I POOP IN SCHOOL BATHROOMS; HOLY SH*T,"A man is pointing to his temple with a smirk, suggesting he's had a clever thought or idea.",BRACE YOURSELVES; THE SECOND GREAT MEME WAR IS COMING,"{""selected caption number"":""1""}"
https://i.imgflip.com/2/2txtm1.jpg,MY FAMILY:; WHITY MILK,THESE MUSHROOMS ARE SO RAW; THEY'RE TELLING ME PRINCESS PEACH IS IN ANOTHER CASTLE,"The image shows a scene from an animated series where one character peeks through a hedge while another's spiky hair is visible on the edge, suggesting they're hiding or spying.",MY FAMILY:; WHITY MILK,THESE MUSHROOMS ARE SO RAW; THEY'RE TELLING ME PRINCESS PEACH IS IN ANOTHER CASTLE,"The image shows a scene from an animated series where one character peeks through a hedge while another's spiky hair is visible on the edge, suggesting they're hiding or spying.","{""selected caption number"":""2""}"
https://i.imgflip.com/4/1p5q26.jpg,WHY CAN'T I HOLD ALL THESE SALES PITCHES,"PBS is made possible thanks to viewers like you!
Thank you! 5 year old me","The image shows an animated character, SpongeBob SquarePants, in a distressed and panicked pose, set against a cartoon depiction of an indoor background.","PBS is made possible thanks to viewers like you!
Thank you! 5 year old me",WHY CAN'T I HOLD ALL THESE SALES PITCHES,"The image shows an animated character, SpongeBob SquarePants, in a distressed and panicked pose, set against a cartoon depiction of an indoor background.","{""selected caption number"":""2""}"
https://i.imgflip.com/4/29nahn.jpg,A KID MOANS IN MY CLASS,BEING ON IMGFLIP WHILE IN SCHOOL,A man in a suit smiles as he stands on a pink carpet with another person playfully posing behind him.,BEING ON IMGFLIP WHILE IN SCHOOL,A man in a suit smiles as he stands on a pink carpet with another person playfully posing behind him.,A KID MOANS IN MY CLASS,"{""selected caption number"":""1""}"
https://i.imgflip.com/4/2f3izw.jpg,BOYS WHEN A GIRL CRIES BECAUSE SHE GOT REJECTED BY HER CRUSH,If you get a link called &quot;Justin beiber sings Christmas Carols&quot; don't open it; It's Justin Beiber singing Christmas carols,"The image is a collage of two individuals with a red-hued background, where one appears to be a young girl and the other a larger, male figure with purple skin and facial ridges, presenting a contrast between innocence and might.","The image is a collage of two individuals with a red-hued background, where one appears to be a young girl and the other a larger, male figure with purple skin and facial ridges, presenting a contrast between innocence and might.",BOYS WHEN A GIRL CRIES BECAUSE SHE GOT REJECTED BY HER CRUSH,If you get a link called &quot;Justin beiber sings Christmas Carols&quot; don't open it; It's Justin Beiber singing Christmas carols,"{""selected caption number"":""2""}"
https://i.imgflip.com/4/50x2l1.jpg,"WE'VE HAD WINTER, YES; BUT WHAT ABOUT 
SECOND WINTER?","DAD, WHAT'S A SUPER BOWL? I DON'T KNOW SON, WE'RE LIONS","The image is a two-panel meme showing an exasperated woman in a car speaking to a child in the back seat, with captions that read ""Why can't you just be normal?"" and the child's response as ""*Screams*"".","DAD, WHAT'S A SUPER BOWL? I DON'T KNOW SON, WE'RE LIONS","WE'VE HAD WINTER, YES; BUT WHAT ABOUT 
SECOND WINTER?","The image is a two-panel meme showing an exasperated woman in a car speaking to a child in the back seat, with captions that read ""Why can't you just be normal?"" and the child's response as ""*Screams*"".","{""selected caption number"":""3""}"
https://i.imgflip.com/4/4flche.jpg,Joke; Meme,I ACCIDENTALLY REPORTED MY OWN MEME ONCE,A young woman is assisting an elderly lady who is using a walker in an outdoor setting surrounded by greenery.,Joke; Meme,I ACCIDENTALLY REPORTED MY OWN MEME ONCE,A young woman is assisting an elderly lady who is using a walker in an outdoor setting surrounded by greenery.,"{""selected caption number"":""2""}"
https://i.imgflip.com/4/jafn4.jpg,SON: &quot;I PLAN TO BE AN ACTOR&quot;; FATHER: &quot;IT'S PRONOUNCED &quot;DOCTOR&quot;,HEY GIRLS! UR DANCES SUCK LIKE TIKTOK; TIK TOK GIRLS,"SpongeBob SquarePants is smiling with his hands spread out, creating a rainbow with his imagination.",HEY GIRLS! UR DANCES SUCK LIKE TIKTOK; TIK TOK GIRLS,"SpongeBob SquarePants is smiling with his hands spread out, creating a rainbow with his imagination.",SON: &quot;I PLAN TO BE AN ACTOR&quot;; FATHER: &quot;IT'S PRONOUNCED &quot;DOCTOR&quot;,"{""selected caption number"":""2""}"
https://i.imgflip.com/4/582gv.jpg,"How do you do, fellow TikTokers?",the world if YouTube didn't make double 15 second ads,A man in a camouflage hat appears concerned or thoughtful in an outdoor setting.,A man in a camouflage hat appears concerned or thoughtful in an outdoor setting.,the world if YouTube didn't make double 15 second ads,"How do you do, fellow TikTokers?","{""selected caption number"":""3""}"
https://i.imgflip.com/4/amuvy.jpg,THE PERSON READING THIS,"How do you do, fellow TikTokers?","The picture shows a close-up of a cat with wide eyes and a slightly open mouth, giving it a surprised or startled expression.","The picture shows a close-up of a cat with wide eyes and a slightly open mouth, giving it a surprised or startled expression.","How do you do, fellow TikTokers?",THE PERSON READING THIS,"{""selected caption number"":""2""}"
https://i.imgflip.com/4/rkz.jpg,ME WHEN I FIRST ENTERED IMGFLIP; LOOK AT ALL THESE MEMES,I HAVE NO IDEA WHY I'M A MEME,"The image depicts a scene from an animated show featuring various characters, including an anxious-looking tentacled alien wearing a tuxedo, seated among a crowd of elegantly dressed individuals apparently at a formal event.","The image depicts a scene from an animated show featuring various characters, including an anxious-looking tentacled alien wearing a tuxedo, seated among a crowd of elegantly dressed individuals apparently at a formal event.",I HAVE NO IDEA WHY I'M A MEME,ME WHEN I FIRST ENTERED IMGFLIP; LOOK AT ALL THESE MEMES,"{""selected caption number"":""1""}"
https://i.imgflip.com/4/42ej41.jpg,"GIRLS WHEN PICKING A COLOR: SHOULD I DO CRIMSON, SCARLET, CARDINAL RED, RUBY RED, MAROON, OR CHERRY RED? BOYS:; Red is red!",SAY THE LINE BERNIE; I AM ONCE AGAIN ASKING FOR YOUR FINANCIAL SUPPORT; [CHEERING NOISES],"The image is a meme format that contrasts a crudely drawn, distressed face with a colorful, pleased-looking woman’s face, often used to express a discrepancy in reactions or emotions.","GIRLS WHEN PICKING A COLOR: SHOULD I DO CRIMSON, SCARLET, CARDINAL RED, RUBY RED, MAROON, OR CHERRY RED? BOYS:; Red is red!",SAY THE LINE BERNIE; I AM ONCE AGAIN ASKING FOR YOUR FINANCIAL SUPPORT; [CHEERING NOISES],"The image is a meme format that contrasts a crudely drawn, distressed face with a colorful, pleased-looking woman’s face, often used to express a discrepancy in reactions or emotions.","{""selected caption number"":""1""}"
https://i.imgflip.com/4/7rf5z.jpg,I HAVE GTA 6 DOWN HERE; ME:,VLADIMIR PUTIN; QUEEN ELIZABETH II; TECHNOBLADE,"The picture shows a close-up of a surprised-looking cat with large green eyes, with the caption ""(heavy breathing)"" at the bottom.",I HAVE GTA 6 DOWN HERE; ME:,VLADIMIR PUTIN; QUEEN ELIZABETH II; TECHNOBLADE,"The picture shows a close-up of a surprised-looking cat with large green eyes, with the caption ""(heavy breathing)"" at the bottom.","{""selected caption number"":""3""}"
https://i.imgflip.com/4/o02wv.jpg,I PITY THE FOOL THAT PITIES THE FOOL BECAUSE THE FOOL THAT PITIES THE FOOL... IS A FOOL,EVERY COMPANY IN JUNE,"The image depicts an individual standing at a podium with the name ""TRUMP"" on it, flanked by American flags and gesturing with their hands outstretched.","The image depicts an individual standing at a podium with the name ""TRUMP"" on it, flanked by American flags and gesturing with their hands outstretched.",EVERY COMPANY IN JUNE,I PITY THE FOOL THAT PITIES THE FOOL BECAUSE THE FOOL THAT PITIES THE FOOL... IS A FOOL,"{""selected caption number"":""2""}"
https://i.imgflip.com/4/1c7cy8.jpg,HEY GIRLS! UR DANCES SUCK LIKE TIKTOK; TIK TOK GIRLS,Glass companies:; Riots: *start,"The image shows two animated characters, one in a cowboy costume and the other in a space ranger suit, standing in a room, with the space ranger gesturing animatedly while the cowboy appears to be observing him.",Glass companies:; Riots: *start,"The image shows two animated characters, one in a cowboy costume and the other in a space ranger suit, standing in a room, with the space ranger gesturing animatedly while the cowboy appears to be observing him.",HEY GIRLS! UR DANCES SUCK LIKE TIKTOK; TIK TOK GIRLS,"{""selected caption number"":""2""}"
https://i.imgflip.com/4/25wd.jpg,1988: DON'T GET INTO CARS WITH STRANGERS; 2000: DON'T MEET PEOPLE FROM THE INTERNET; 2018: UBER,WHIT SPACE RIGHT? IM GONNA PAUSE THIS VIDEO; WITH SPACE RIGHT?,"A smiling woman is pointing to a colorful world map on a classroom board, possibly teaching geography.",1988: DON'T GET INTO CARS WITH STRANGERS; 2000: DON'T MEET PEOPLE FROM THE INTERNET; 2018: UBER,WHIT SPACE RIGHT? IM GONNA PAUSE THIS VIDEO; WITH SPACE RIGHT?,"A smiling woman is pointing to a colorful world map on a classroom board, possibly teaching geography.","{""selected caption number"":""1""}"
https://i.imgflip.com/4/1qg8fp.jpg,If you get a link called &quot;Justin beiber sings Christmas Carols&quot; don't open it; It's Justin Beiber singing Christmas carols,UPVOTE IF; YOU EAT THE CRUST OF A PIZZA,"The image shows a cartoon representation of the Grim Reaper playfully skipping away after apparently having done its work, as depicted by the blood trails leading from the doors.",UPVOTE IF; YOU EAT THE CRUST OF A PIZZA,"The image shows a cartoon representation of the Grim Reaper playfully skipping away after apparently having done its work, as depicted by the blood trails leading from the doors.",If you get a link called &quot;Justin beiber sings Christmas Carols&quot; don't open it; It's Justin Beiber singing Christmas carols,"{""selected caption number"":""2""}"
https://i.imgflip.com/4/29ator.jpg,MAKING FUN OF SOMEONE'S BROKEN ENGLISH? TELL ME AGAIN HOW MANY LANGUAGES YOU SPEAK FLUENTLY?,"WE'VE HAD WINTER, YES; BUT WHAT ABOUT 
SECOND WINTER?","The image shows a two-panel meme with two people standing by different cars in each panel; the top panel has the person on the left gesturing towards a white car with the caption ""This is brilliant,"" and the bottom panel has the same person seemingly impressed by a red car with the caption ""But I like this.""","The image shows a two-panel meme with two people standing by different cars in each panel; the top panel has the person on the left gesturing towards a white car with the caption ""This is brilliant,"" and the bottom panel has the same person seemingly impressed by a red car with the caption ""But I like this.""","WE'VE HAD WINTER, YES; BUT WHAT ABOUT 
SECOND WINTER?",MAKING FUN OF SOMEONE'S BROKEN ENGLISH? TELL ME AGAIN HOW MANY LANGUAGES YOU SPEAK FLUENTLY?,"{""selected caption number"":""1""}"
https://i.imgflip.com/4/498j.jpg,"DAD, WHAT'S A SUPER BOWL? I DON'T KNOW SON, WE'RE LIONS",UNLOCKING ONE OF THE HARDEST ACHIEVEMENTS IN THE GAME; ME WHO DID IT ON COMPLETE ACCIDENT,"A child appears upset or frightened, wrapped in a pink blanket with a worried expression on his face.","DAD, WHAT'S A SUPER BOWL? I DON'T KNOW SON, WE'RE LIONS","A child appears upset or frightened, wrapped in a pink blanket with a worried expression on his face.",UNLOCKING ONE OF THE HARDEST ACHIEVEMENTS IN THE GAME; ME WHO DID IT ON COMPLETE ACCIDENT,"{""selected caption number"":""3""}"
https://i.imgflip.com/4/9gbzb.jpg,NO YOUR NOT; IM TOUGHER THAN YOU; I POOP IN SCHOOL BATHROOMS; HOLY SH*T,MOTION SENSORS; IN RESTAURANT BATHROOM FAUCETS,A person in a purple suit is clapping while standing at a podium with the NBA and Kia logos visible in the background.,NO YOUR NOT; IM TOUGHER THAN YOU; I POOP IN SCHOOL BATHROOMS; HOLY SH*T,A person in a purple suit is clapping while standing at a podium with the NBA and Kia logos visible in the background.,MOTION SENSORS; IN RESTAURANT BATHROOM FAUCETS,"{""selected caption number"":""3""}"
https://i.imgflip.com/4/1euru.jpg,BEHOLD I AM THE DOWNVOTE FAIRY.,EVERYBODY HOPING FOR A GOOD 2022; COVID NOT HAVING IT,"A man with glasses is sitting at a cluttered office desk, looking directly at the camera.","A man with glasses is sitting at a cluttered office desk, looking directly at the camera.",BEHOLD I AM THE DOWNVOTE FAIRY.,EVERYBODY HOPING FOR A GOOD 2022; COVID NOT HAVING IT,"{""selected caption number"":""2""}"
https://i.imgflip.com/4/6zm5.jpg,"GENTLEMEN, ITS WITH GREAT PLEASURE TO INFORM YOU THAT; HALLOWEEN IS TOMORROW",WHY CAN'T I HOLD ALL THESE SALES PITCHES,"The image shows SpongeBob SquarePants, the animated character, looking unimpressed or skeptical with one eyebrow raised and his arm up as if making a point or waiting to speak.","GENTLEMEN, ITS WITH GREAT PLEASURE TO INFORM YOU THAT; HALLOWEEN IS TOMORROW","The image shows SpongeBob SquarePants, the animated character, looking unimpressed or skeptical with one eyebrow raised and his arm up as if making a point or waiting to speak.",WHY CAN'T I HOLD ALL THESE SALES PITCHES,"{""selected caption number"":""3""}"
https://i.imgflip.com/4/2am8vj.jpg,"NORMAL ADS; ADS THAT LET YOU PLAY; ADS THAT PRETEND THAT YOU CAN PLAY, BUT JUST BRINGS YOU TO THE APPSTORE",OH SO UR THE GUY WHO MADE THE RULE WOMEN COULD BEAT UP MEN BUT MEN HAVE TO GO TO PRISON CUZ THEY DEFEND THEMSELVES FROM WOMEN; YOUR DEATH WILL BE SLOW,A child joyfully reaches out towards an adult in a swimming pool while another child playfully peeks above the water in the foreground.,"NORMAL ADS; ADS THAT LET YOU PLAY; ADS THAT PRETEND THAT YOU CAN PLAY, BUT JUST BRINGS YOU TO THE APPSTORE",OH SO UR THE GUY WHO MADE THE RULE WOMEN COULD BEAT UP MEN BUT MEN HAVE TO GO TO PRISON CUZ THEY DEFEND THEMSELVES FROM WOMEN; YOUR DEATH WILL BE SLOW,A child joyfully reaches out towards an adult in a swimming pool while another child playfully peeks above the water in the foreground.,"{""selected caption number"":""1""}"
https://i.imgflip.com/4/24uu.jpg,"Yup; You are Disney, right? Yup; And you are a considered the the king of animation and has made a lot of movies that we still love today? Therefore, making more and more remakes of these said movies are getting stale, and sometimes it makes a lot of people angry due to the poor writing and morals; That makes sense to me; So stop making them; But we want to capture the same feelings that other people have felt for their animated counterparts","GIRLS WHEN PICKING A COLOR: SHOULD I DO CRIMSON, SCARLET, CARDINAL RED, RUBY RED, MAROON, OR CHERRY RED? BOYS:; Red is red!","A playful kitten stands on its hind legs like a human, seemingly dancing or batting at something unseen, in the middle of a cozy room with wooden flooring.","GIRLS WHEN PICKING A COLOR: SHOULD I DO CRIMSON, SCARLET, CARDINAL RED, RUBY RED, MAROON, OR CHERRY RED? BOYS:; Red is red!","A playful kitten stands on its hind legs like a human, seemingly dancing or batting at something unseen, in the middle of a cozy room with wooden flooring.","Yup; You are Disney, right? Yup; And you are a considered the the king of animation and has made a lot of movies that we still love today? Therefore, making more and more remakes of these said movies are getting stale, and sometimes it makes a lot of people angry due to the poor writing and morals; That makes sense to me; So stop making them; But we want to capture the same feelings that other people have felt for their animated counterparts","{""selected caption number"":""1""}"
https://i.imgflip.com/4/2bekbc.jpg,CATHOLIC SAYS &quot;YOU ARE GOING TO HELL.&quot;; DROWN HIM IN THE HOLY WATER BOWL WHILE SHOUTING IN HIS EAR &quot;WHEN YOU SEE THE DEVIL TELL HIM I'M COMING FOR HIM NEXT!&quot;,"WHEN THERE'S TWO DOORS, YOU'RE GONNA PUSH ON THE LOCKED ONE FIRST I GUARANTEE IT","A man is seated at a table with a sign that reads ""CHANGE MY MIND"" in a public outdoor space.","A man is seated at a table with a sign that reads ""CHANGE MY MIND"" in a public outdoor space.",CATHOLIC SAYS &quot;YOU ARE GOING TO HELL.&quot;; DROWN HIM IN THE HOLY WATER BOWL WHILE SHOUTING IN HIS EAR &quot;WHEN YOU SEE THE DEVIL TELL HIM I'M COMING FOR HIM NEXT!&quot;,"WHEN THERE'S TWO DOORS, YOU'RE GONNA PUSH ON THE LOCKED ONE FIRST I GUARANTEE IT","{""selected caption number"":""3""}"
https://i.imgflip.com/4/2fhok.jpg,I HAVE NO IDEA WHY I'M A MEME,Burger King after winning a prom date with Wendy's:,A bald individual with sunglasses is looking intently at the camera.,Burger King after winning a prom date with Wendy's:,I HAVE NO IDEA WHY I'M A MEME,A bald individual with sunglasses is looking intently at the camera.,"{""selected caption number"":""1""}"
https://i.imgflip.com/4/32gou1.jpg,FINALLY; TRAFFIC JAM,3 YEAR OLD ME; A STRANGER THAT I THOUGHT WAS MY DAD,"The image is a split-screen showing the same person on both sides: on the left, the individual is gesturing mid-speech, dressed casually with a headscarf, and on the right, they are reclining on a couch under a blanket with a somewhat unimpressed or disinterested expression.","The image is a split-screen showing the same person on both sides: on the left, the individual is gesturing mid-speech, dressed casually with a headscarf, and on the right, they are reclining on a couch under a blanket with a somewhat unimpressed or disinterested expression.",3 YEAR OLD ME; A STRANGER THAT I THOUGHT WAS MY DAD,FINALLY; TRAFFIC JAM,"{""selected caption number"":""2""}"
