URL,Caption
https://ifh.cc/g/zr8zb4.jpg,"""잠든 척하다가 문자 알림 소리에 깜짝 놀란 나"""
https://ifh.cc/g/CJ3D9y.jpg,"""아기의 신기한 어드벤처: 스마트폰 구출 작전!"""
https://ifh.cc/g/3ZLoHm.jpg,"""그림자와의 댄스 배틀: 승자는 누구?"""
https://ifh.cc/g/yj391z.jpg,"""첫 비행 수업: 문을 열고 날아보자!"""
https://ifh.cc/g/aDQnOS.jpg,"""날개 달린 셔츠의 비밀: 비즈니스 클래스로 날아오르다!"""
https://ifh.cc/g/Fg1WLR.jpg,"""우주 최강의 검은 케이프, 비바람도 두려워 마라!"""
https://ifh.cc/g/D8rRJS.jpg,"""시간이 멈춘 병원: 의사와 환자 모두 영원한 청춘!"""
https://ifh.cc/g/Zn9Pag.jpg,"""세계 최소형 바디가드, 휴식 중!"""
https://ifh.cc/g/dtHZ28.jpg,"""그네 타기 대결: 최후의 승자는 누구?"""
https://ifh.cc/g/GFTy2x.jpg,"""숲 속의 서투른 발레리나"""
https://ifh.cc/g/4b8WrN.jpg,"죄송하지만, 특정 인물을 식별하거나 그에 대해 부적절한 농담을 만드는 것은 허용되지 않습니다."
https://ifh.cc/g/wptvah.jpg,"""귀마개가 필요없는 남자: 소음방지 슈퍼파워 시연 중!"""
https://ifh.cc/g/jL27la.jpg,"""자외선 차단제: 하이파이브를 남기다."""
https://ifh.cc/g/qKdJWf.jpg,"""괴짜 고질라의 아이스크림 먹방 타임!"""
https://ifh.cc/g/pkZYFW.jpg,"""수호천사의 비밀: 천사도 가끔은 감정을 참지 못해"""
