url,caption1,caption2,caption3
https://i.imgflip.com/4/30b1gx.jpg,Switching to the cold side of a pillow; switching to the cold side of a mattress,THERE ARE TYPES OF GAMERS. ONE OF THEM IS GAMERS PLAYING MINECRAFT; AND THEN THERE'S ME TRYING TO PLAY EVEN THE LOWEST QUALITY GAMES BUT MY PC IS LIKE S##T,"The image displays a two-panel meme featuring a man in a red jacket, where in the top panel he is dismissively gesturing ""no"" with his hand and in the bottom panel he is smiling and pointing approvingly."
https://i.imgflip.com/4/1ur9b0.jpg,MY 20 PAGES MATH HOMEWORK; THE BOIS CAALLING ME ON DISCORD TO PLAY VIDEO GAMES,Switching to the cold side of a pillow; switching to the cold side of a mattress,A man is turning his head to look at a woman in a red dress while walking with another woman in a teal top on a busy street.
https://i.imgflip.com/4/1g8my4.jpg,make emerald armor; make another dimension; MINECRAFT,what does wtf stand for? what the F; what the f***; woah this fun; WTF,"The picture shows a two-panel comic where in the top panel a hand is poised over two identical red buttons, and in the bottom panel, a man appears to be sweating and anxious while making a difficult decision."
https://i.imgflip.com/4/9ehk.jpg,50%  OF MY VIEWERS AREN'T SUBSCRIBED. STOP HARASSING ME! THAT'S WHY I  HAVEN'T!,Peace; Death; People in Films,Batman is shown slapping another character in a vintage comic book panel.
https://i.imgflip.com/4/24y43o.jpg,Showers are just homemade rain,MY 20 PAGES MATH HOMEWORK; THE BOIS CAALLING ME ON DISCORD TO PLAY VIDEO GAMES,"A man is sitting at a table with a sign that says ""CHANGE MY MIND,"" ready to engage with passersby."
https://i.imgflip.com/4/22bdq6.jpg,Peace; Death; People in Films,Showers are just homemade rain,The picture shows a composite of two different driving scenarios where the top image displays a clear highway exit sign indicating a left turn while the bottom image captures a car drifting around a curve on a roadway.
https://i.imgflip.com/4/3lmzyx.jpg,tiktok users; stop creating challenges that kill people,"fortnite players; people who play geometry dash, minecraft and roblox",A man is humorously contemplating a modified Uno card that jokingly offers the choice of performing an unspecified action or drawing 25 cards.
https://i.imgflip.com/4/261o3j.jpg,HAVING FUN IN A GAME; ROBLOX PLAYERS; HAVING FUN IN A GAME; HACKERS; ROBLOX PLAYERS,HAVING FUN IN A GAME; ROBLOX PLAYERS; HAVING FUN IN A GAME; HACKERS; ROBLOX PLAYERS,"The image is a two-panel cartoon showing an enthusiastic stick figure-like character about to touch a large yellow circle, being supported from behind by a pink creature in the second panel."
https://i.imgflip.com/4/1bij.jpg,ONE DOES NOT SIMPLY; SEND A MEME TO A MEME WAR,THE ANNOYING SONIC KID WHO SHOVES THEIR OPINION IN YOUR FACE; NORMAL SONIC ENJOYERS; NORMAL PEOPLE AND PEOPLE THAT ENJOY SONIC AND DONĄŻT SHOVE THEIR OPINION IN PEOPLES FACE. PEOPLE WHO SAY MARIO IS BETTER JUST TO ANNOY THEM.,"A man with shoulder-length hair and a goatee is smiling and making an ""OK"" sign with his hand."
https://i.imgflip.com/4/1jwhww.jpg,THE ANNOYING SONIC KID WHO SHOVES THEIR OPINION IN YOUR FACE; NORMAL SONIC ENJOYERS; NORMAL PEOPLE AND PEOPLE THAT ENJOY SONIC AND DONĄŻT SHOVE THEIR OPINION IN PEOPLES FACE. PEOPLE WHO SAY MARIO IS BETTER JUST TO ANNOY THEM.,MY FRIEND WHEN I'M TRYING TO TAKE AN ONLINE MEETING,"The image is a four-panel progression meme illustrating a head with an increasingly glowing and complex brain, symbolizing the evolution of a thought or idea becoming more enlightened or intelligent."
https://i.imgflip.com/4/1otk96.jpg,MY FRIEND WHEN I'M TRYING TO TAKE AN ONLINE MEETING,ONE DOES NOT SIMPLY; SEND A MEME TO A MEME WAR,The image shows an animated yellow sponge character with a surprised or confused expression standing inside what appears to be an underwater setting.
https://i.imgflip.com/4/2fm6x.jpg,THERE ARE TYPES OF GAMERS. ONE OF THEM IS GAMERS PLAYING MINECRAFT; AND THEN THERE'S ME TRYING TO PLAY EVEN THE LOWEST QUALITY GAMES BUT MY PC IS LIKE S##T,make emerald armor; make another dimension; MINECRAFT,"A life-size skeleton model is sitting casually on a wooden bench outdoors, leaning back with one hand resting on its lap and the other on the bench."
https://i.imgflip.com/4/m78d.jpg,what does wtf stand for? what the F; what the f***; woah this fun; WTF,tiktok users; stop creating challenges that kill people,The image is a comic strip showing a job interview that takes an unexpected turn when the interviewee leaps out of the window after a brief exchange.
https://i.imgflip.com/4/26am.jpg,YA SEE IF YOU CAN USE 1 AS A VARIABLE THEN THIS IS POSSIBLE. 1 + 2 = 4,50%  OF MY VIEWERS AREN'T SUBSCRIBED. STOP HARASSING ME! THAT'S WHY I  HAVEN'T!,"The person in the image appears to be gesturing with his hands and has an expressive facial expression, possibly indicating that he is in the midst of explaining or discussing a topic with great enthusiasm or emphasis."