image,url
crop_00000235,https://drive.google.com/file/d/1OmzNYO40Kw1FKf5idf1cE-Jp6-cO840W/view?usp=drive_link
crop_00000234,https://drive.google.com/file/d/1g12aH1939UmCJax55tNjgkg-oeRLs9Bw/view?usp=drive_link
crop_00000233,https://drive.google.com/file/d/1peRMnb-OomlAprCYNHpLGk6fpaPSa-AE/view?usp=drive_link
crop_00000230,https://drive.google.com/file/d/1SDka11i1bZL4mqUr9ogtceKGczy9ifTF/view?usp=drive_link
crop_00000229,https://drive.google.com/file/d/1QRQSdtt5UdWgQAIqDrrTB6TrSJ7a5EuW/view?usp=drive_link
crop_00000227,https://drive.google.com/file/d/1LqwCc4Wd5ig1_L5WbgFq7qAehiCYu4Xl/view?usp=drive_link
crop_00000226,https://drive.google.com/file/d/1u9VPnjuN2mMgH7TjsXMUoxWvooZTS1U1/view?usp=drive_link
crop_00000225,https://drive.google.com/file/d/16l4AdhO59m6pM6KjVEHwo60GqU_9-6lr/view?usp=drive_link
crop_00000224,https://drive.google.com/file/d/1IbS7U6T8Ym8yppB5LkG3H8zcXgxEYCHa/view?usp=drive_link
crop_00000221,https://drive.google.com/file/d/1bjuFnrfPsg94Gv2rYw2yB2WmJY9nYJ0o/view?usp=drive_link
crop_00000220,https://drive.google.com/file/d/1Po2t_fJvFuwul9ZHtCLi9v40W4lm8qO4/view?usp=drive_link
crop_00000218,https://drive.google.com/file/d/1IB1ghpA_2ZdpShJLjs7a01_jHqr0ufT4/view?usp=drive_link
crop_00000216,https://drive.google.com/file/d/1nkZNhq58zUkxwGCAPoOqvpkMAb-14ukW/view?usp=drive_link
crop_00000215,https://drive.google.com/file/d/1I-0pHgHDIRff3pfUMf5VD1HwPbMz1TkB/view?usp=drive_link
crop_00000213,https://drive.google.com/file/d/1dzUgAND8YIM-OzbFPl0r3_gxgu6rz4LZ/view?usp=drive_link
crop_00000212,https://drive.google.com/file/d/1ZXD9HZh9LYvEd0o9SfgWNDx9e94FidZF/view?usp=drive_link
crop_00000211,https://drive.google.com/file/d/174BU9UtNC3-yg2Aw6B70UwwrN6woqSkl/view?usp=drive_link
crop_00000210,https://drive.google.com/file/d/1_-z2WoQj81BRmle1q3Tlskt7aUGBUQ5i/view?usp=drive_link
crop_00000209,https://drive.google.com/file/d/1Cz938aCMLq5Fn9v-C4LJt1nYNOpSrazm/view?usp=drive_link
crop_00000206,https://drive.google.com/file/d/1AqUH9MFr_Im5DeL5fHX4W8-aPJGFMpIl/view?usp=drive_link
crop_00000205,https://drive.google.com/file/d/1NwwKbWdi6RbnDJdj-ny6d5WXdl2RFON0/view?usp=drive_link
crop_00000204,https://drive.google.com/file/d/18azLPja4hm7ukD7xSFBRnFIYwhOj3vSJ/view?usp=drive_link
crop_00000202,https://drive.google.com/file/d/1GOH-U1AWXDqjkDprflNIwLzBGv6dQiZ3/view?usp=drive_link
crop_00000199,https://drive.google.com/file/d/1G1h-ISXsPrt-a2nqyvx58TAyPEnUqMAP/view?usp=drive_link
crop_00000197,https://drive.google.com/file/d/1DipMhyJgEh81viCYiFtpWixEheS-MQ2z/view?usp=drive_link
crop_00000194,https://drive.google.com/file/d/1e9rXMb7PoPcbVeD1ZpP9sIXuYn3oA1ru/view?usp=drive_link
crop_00000191,https://drive.google.com/file/d/1u_gGxhnPTjQvr0eS1t0G1EM6a-nEB3xN/view?usp=drive_link
crop_00000187,https://drive.google.com/file/d/1sjOCg0qkeic3H1X0SSjLd27AgsCBS5go/view?usp=drive_link
crop_00000186,https://drive.google.com/file/d/15wymc9NMpvuycE95orq6kRm4rosYWsq-/view?usp=drive_link
crop_00000185,https://drive.google.com/file/d/1MPwudruFKcGyy09AfcdgP32muy4kW0nT/view?usp=drive_link
crop_00000182,https://drive.google.com/file/d/1tN9bFcve_QXhFUR3AhdwO8AlgPzgcLwB/view?usp=drive_link
crop_00000179,https://drive.google.com/file/d/1xWdpbtrjU8brnvcXnl1eLOFQyuN6vc_h/view?usp=drive_link
crop_00000178,https://drive.google.com/file/d/1LRJfG162RFlxQCyjbXRbzMHfj1g8vMNl/view?usp=drive_link
crop_00000176,https://drive.google.com/file/d/1jP5I1KWYhtX3Y0MPXAzMyEDO1kxWY0YE/view?usp=drive_link
crop_00000175,https://drive.google.com/file/d/1xSyDTyJjI5yqNSezB2g2obj0LS7xnw1C/view?usp=drive_link
crop_00000174,https://drive.google.com/file/d/1QugqB7WwFLjDFYySwQKfIDdCwQSMuIHb/view?usp=drive_link
crop_00000173,https://drive.google.com/file/d/1rygZGtp9d6_3t9Mk1-N7wnoJKkwfMqSR/view?usp=drive_link
crop_00000170,https://drive.google.com/file/d/1sI-6bjH1h0BDXzKGLnd1qE9Hx7EcB6yl/view?usp=drive_link
crop_00000168,https://drive.google.com/file/d/1SRocFMp5z2pDddsvCis-WGKcE1BQ9Gcz/view?usp=drive_link
crop_00000165,https://drive.google.com/file/d/1v80p7QEfUHAeeQhS6EhOqImndlvc-Wqz/view?usp=drive_link
crop_00000163,https://drive.google.com/file/d/15msCll2zX2fNdutzYZHYdcFGRA9wuS8D/view?usp=drive_link
crop_00000159,https://drive.google.com/file/d/142FMJ-16m-trL_kLFO5kopfYpq8Y9geu/view?usp=drive_link
crop_00000158,https://drive.google.com/file/d/1ovIvMt6yaW2Mj3WxzI7KyCvFvZitY-TW/view?usp=drive_link
crop_00000154,https://drive.google.com/file/d/1aWDTjglrhN-KsZ6Lvqn79D4nVehX8DMF/view?usp=drive_link
crop_00000153,https://drive.google.com/file/d/1R-b9TGw8_1S-uwDG6RPHrWAfgfgk5C6o/view?usp=drive_link
crop_00000152,https://drive.google.com/file/d/13NTIwxLADJ7zXLego2mvXZsyP-qMm8Sw/view?usp=drive_link
crop_00000146,https://drive.google.com/file/d/1D524MatJNf7VMIpS40Kv-pgvqzceqgsA/view?usp=drive_link
crop_00000145,https://drive.google.com/file/d/1Ui3kRMf6KJZ1isjVr7l_fFJE5p2QXtqQ/view?usp=drive_link
crop_00000143,https://drive.google.com/file/d/1yylUuFD4ECvhhM1GVEzHGHMOuknb7ZPy/view?usp=drive_link
crop_00000142,https://drive.google.com/file/d/1Ir_XyDdzJBttucAKMR64oILZVCBk7I_-/view?usp=drive_link
crop_00000140,https://drive.google.com/file/d/1IjvmdeNyM5bz8W1lnIi1nmCgnl1kvc1x/view?usp=drive_link
crop_00000136,https://drive.google.com/file/d/1mirTnroIOfnOJc00nS8gqQgoRXzsuA-Q/view?usp=drive_link
crop_00000134,https://drive.google.com/file/d/1rJjfRSC9MzIEvPFKRASgaUeDE8jKHfh3/view?usp=drive_link
crop_00000133,https://drive.google.com/file/d/1mS3BZEWHnXiROW5hY3eyY6750A0S6ZL0/view?usp=drive_link
crop_00000129,https://drive.google.com/file/d/1l0isIaOdD2VJbG1yxV8SKeQ39oT37u7q/view?usp=drive_link
crop_00000128,https://drive.google.com/file/d/1NzPUHSw8qyOdqb8SvT_B7LFZDGRrgYyj/view?usp=drive_link
crop_00000127,https://drive.google.com/file/d/1udKzFbAW9FSN_R6vghZI0pZJL7mluraI/view?usp=drive_link
crop_00000122,https://drive.google.com/file/d/1f2SeXSLEfoupQ2RjI1JFjHZ1kciaa59H/view?usp=drive_link
crop_00000121,https://drive.google.com/file/d/18LdBjo-xoE6IP3Ja7u9CXYS8zrUADnEh/view?usp=drive_link
crop_00000120,https://drive.google.com/file/d/19-ZLPE0_G0npdKybXhwYxd3_k5N-Rden/view?usp=drive_link
crop_00000118,https://drive.google.com/file/d/1w6xf8p2I2Lt_4pX628tYvfBZIrKEFdRU/view?usp=drive_link
crop_00000117,https://drive.google.com/file/d/1oFiypWOehD1G_-WXWYmV9eNVr4aeDwou/view?usp=drive_link
crop_00000116,https://drive.google.com/file/d/16ZsmOjjdd6KjlHRMBgrirHQ8sEAm8NfU/view?usp=drive_link
crop_00000114,https://drive.google.com/file/d/1KFMTCDNKkLCIQmUwD3mIetIdpIo4D0KQ/view?usp=drive_link
crop_00000112,https://drive.google.com/file/d/1C5CIhN_m_HFA0V1xbtnQQ4c_r3cTWZqd/view?usp=drive_link
crop_00000107,https://drive.google.com/file/d/1ni0oeBqjE3EoLM23jBVCv8Mw0j_sNYM7/view?usp=drive_link
crop_00000106,https://drive.google.com/file/d/13PNI8llzG7UpUKmRg-yMrHnFb5Ps6bXh/view?usp=drive_link
crop_00000103,https://drive.google.com/file/d/1szFAeE6UhiFQT72FhyptA9_pO6_doQ9d/view?usp=drive_link
crop_00000100,https://drive.google.com/file/d/14u_Bn23ZgsY4Bk2nnO5A84jWDrKRGufv/view?usp=drive_link
crop_00000098,https://drive.google.com/file/d/1tNCJXVc5Xg8-4gQeP1qv5D7G9JTNxlFo/view?usp=drive_link
crop_00000093,https://drive.google.com/file/d/1jccfB1KXZR7vWXakkJ4l45n05S39qo3W/view?usp=drive_link
crop_00000092,https://drive.google.com/file/d/1HljOOwR3Vl6g838w5gNVXSBzJ3wA3Q8e/view?usp=drive_link
crop_00000090,https://drive.google.com/file/d/1TRwJibVEjf_O5lNbsnBo0GLvKa0XTBVB/view?usp=drive_link
crop_00000089,https://drive.google.com/file/d/1LtYweUd3vzzTeSQaN3wVAIR1Ue-D_dMy/view?usp=drive_link
crop_00000084,https://drive.google.com/file/d/1t0sZoCNBCn9jVxUIRKaT_okGpr9x45TT/view?usp=drive_link
crop_00000083,https://drive.google.com/file/d/1sgZundXX8U7cCbhWqZSgPJiIp7eIrhJX/view?usp=drive_link
crop_00000082,https://drive.google.com/file/d/1wNEvULHQjrU8SUpFiDfl4pEQBd_pApvN/view?usp=drive_link
crop_00000079,https://drive.google.com/file/d/1QAv6IDyI0yGAJ2ibeXbw0mTlKiRY840d/view?usp=drive_link
crop_00000077,https://drive.google.com/file/d/13gi3zkdz2MPJ2gHwkqbyB9UZrexq6YM6/view?usp=drive_link
crop_00000075,https://drive.google.com/file/d/11SBohF-_cQG8W59qVKUgsLG774S2sigB/view?usp=drive_link
crop_00000074,https://drive.google.com/file/d/1sxadzsymfnzSQfAF1mqGlteu0JQseerF/view?usp=drive_link
crop_00000073,https://drive.google.com/file/d/16_jSEthLd4jkdKYuVT1p2PrTSlkhm7zN/view?usp=drive_link
crop_00000072,https://drive.google.com/file/d/1QHHHjqkeHCbk43cLCR5Mne1tdH2_c5sA/view?usp=drive_link
crop_00000070,https://drive.google.com/file/d/1CcyghgBstT_xd5uDrGhu4v4_nVvLzFzI/view?usp=drive_link
crop_00000068,https://drive.google.com/file/d/1pK3w3EgQJfLTj_Z0cpDxTYApfE5WOqy8/view?usp=drive_link
crop_00000066,https://drive.google.com/file/d/1dT8ZBkdvV00kkHPORuA4QW_Yq7Tynl7O/view?usp=drive_link
crop_00000065,https://drive.google.com/file/d/1Z8fTtqsylseWVVBf4JlQycs1xKOTBMyv/view?usp=drive_link
crop_00000060,https://drive.google.com/file/d/1rmDSlKIEedtC2oQOzTotaQUiWT5ETm3f/view?usp=drive_link
crop_00000059,https://drive.google.com/file/d/1IhmLsZz_s21hlj0TpOBgs58DeUCMNrjg/view?usp=drive_link
crop_00000049,https://drive.google.com/file/d/18BVYXYux6H2mJC5pScc_hkEdQRffii11/view?usp=drive_link
crop_00000046,https://drive.google.com/file/d/1UZwKLKjTyZHiIQasxxIc4p9YVRmRGJDC/view?usp=drive_link
crop_00000045,https://drive.google.com/file/d/1z2Z-00st4I1GPi5KJ_mWqYT1zrbUq2cQ/view?usp=drive_link
crop_00000042,https://drive.google.com/file/d/125VW-MRlOe8gyhCwh9cBhwRF3hlIAOMb/view?usp=drive_link
crop_00000040,https://drive.google.com/file/d/1vWmNzK8uRYlbOYs8vpGNECnLSEQSpi9e/view?usp=drive_link
crop_00000038,https://drive.google.com/file/d/1v2umpXq4dVdoAb59u0m1rOVgI4aPSoA6/view?usp=drive_link
crop_00000037,https://drive.google.com/file/d/1yYn-vRNivEjq0WVdjhHEVpjEXOxTq8HZ/view?usp=drive_link
crop_00000035,https://drive.google.com/file/d/1wONfUwpgq-nVOyk4omeQ8UHalyFDS95Q/view?usp=drive_link
crop_00000032,https://drive.google.com/file/d/1AMTrtxA8xhIdLsuc6YdINsGYBwZhtq1R/view?usp=drive_link
crop_00000022,https://drive.google.com/file/d/1sdDEaf1t0M4_lN23Q92epHv3NmSnBIeV/view?usp=drive_link
crop_00000020,https://drive.google.com/file/d/1vhUfn1O6tN141qvncWrPsmKvUtaWY_84/view?usp=drive_link
crop_00000019,https://drive.google.com/file/d/1Yao6dDcPbMDihAmdWJq531Mwm_NHe3_9/view?usp=drive_link
crop_00000017,https://drive.google.com/file/d/1yhzhbNoA8yuXb79rzPXYA1uGPa9q0gdi/view?usp=drive_link
crop_00000015,https://drive.google.com/file/d/1MEdFWEDf5vgZPckOP9RNrtPvGIj7K1Ik/view?usp=drive_link
crop_00000012,https://drive.google.com/file/d/164SWquWI5dLeJwAKmfXdbfjtDEpT5ojt/view?usp=drive_link
crop_00000011,https://drive.google.com/file/d/1RLITk3p-Uwg625zdh0QqGP-AUboyO8WV/view?usp=drive_link
crop_00000010,https://drive.google.com/file/d/107KWEVBS2dp1Ml4mv_8cYQOB7zm4WvAK/view?usp=drive_link
crop_00000009,https://drive.google.com/file/d/1HFnbh2tK85CGu63lLtmlSCKExhMgcNN9/view?usp=drive_link
crop_00000002,https://drive.google.com/file/d/13_BWw-RGSA0nxfYlwxGAOvkmh5xTkVc1/view?usp=drive_link